id,dai_code,dai_title,chu_code,chu_title,sho_code,sho_display_code,sho_title,goal_section_code,goal_section_display_code,goal_section,goal_code,goal_display_code,goal_text,source_pdf,source_page
A-1-1)-①,A,歯科医師として求められる基本的な資質・能力,1,プロフェッショナリズム,1,1),医の倫理と生命倫理,,,,1,①,医の倫理と生命倫理の歴史経過と諸問題を概説できる。,20230601-mxt_igaku-000029086_4.pdf,21
A-1-1)-②,A,歯科医師として求められる基本的な資質・能力,1,プロフェッショナリズム,1,1),医の倫理と生命倫理,,,,2,②,医の倫理に関する規範・国際規範（ヒポクラテスの誓い、ジュネーブ宣言、ヘルシンキ宣言等）を概説できる。,20230601-mxt_igaku-000029086_4.pdf,21
A-1-1)-③,A,歯科医師として求められる基本的な資質・能力,1,プロフェッショナリズム,1,1),医の倫理と生命倫理,,,,3,③,臨床（生と死に関わる問題を含む）に関する倫理的問題を説明できる。,20230601-mxt_igaku-000029086_4.pdf,21
A-1-1)-④,A,歯科医師として求められる基本的な資質・能力,1,プロフェッショナリズム,1,1),医の倫理と生命倫理,,,,4,④,医学研究に関する倫理的問題を説明できる。,20230601-mxt_igaku-000029086_4.pdf,21
A-1-1)-⑤,A,歯科医師として求められる基本的な資質・能力,1,プロフェッショナリズム,1,1),医の倫理と生命倫理,,,,5,⑤,情報倫理に関わる問題を説明できる。,20230601-mxt_igaku-000029086_4.pdf,21
A-1-1)-⑥,A,歯科医師として求められる基本的な資質・能力,1,プロフェッショナリズム,1,1),医の倫理と生命倫理,,,,6,⑥,研究を、医学・医療の発展や患者の利益の増進を目的として行うよう配慮できる。,20230601-mxt_igaku-000029086_4.pdf,21
A-1-2)-①,A,歯科医師として求められる基本的な資質・能力,1,プロフェッショナリズム,2,2),患者中心の視点,,,,1,①,患者の権利を説明できる。,20230601-mxt_igaku-000029086_4.pdf,21
A-1-2)-②,A,歯科医師として求められる基本的な資質・能力,1,プロフェッショナリズム,2,2),患者中心の視点,,,,2,②,患者の自己決定権を説明できる。,20230601-mxt_igaku-000029086_4.pdf,21
A-1-2)-③,A,歯科医師として求められる基本的な資質・能力,1,プロフェッショナリズム,2,2),患者中心の視点,,,,3,③,患者が自己決定できない場合の対応を説明できる。,20230601-mxt_igaku-000029086_4.pdf,21
A-1-2)-④,A,歯科医師として求められる基本的な資質・能力,1,プロフェッショナリズム,2,2),患者中心の視点,,,,4,④,インフォームド・コンセントの意義と重要性を説明できる。,20230601-mxt_igaku-000029086_4.pdf,21
A-1-3)-①,A,歯科医師として求められる基本的な資質・能力,1,プロフェッショナリズム,3,3),歯科医師としての責務と裁量権,,,,1,①,歯科医師のプロフェッショナリズムを説明できる。,20230601-mxt_igaku-000029086_4.pdf,21
A-1-3)-②,A,歯科医師として求められる基本的な資質・能力,1,プロフェッショナリズム,3,3),歯科医師としての責務と裁量権,,,,2,②,患者との信頼関係構築の重要性を説明できる。,20230601-mxt_igaku-000029086_4.pdf,21
A-1-3)-③,A,歯科医師として求められる基本的な資質・能力,1,プロフェッショナリズム,3,3),歯科医師としての責務と裁量権,,,,3,③,医療サービスの特殊性（情報の非対称性・医療の不確実性）や治療の限界を説明できる。,20230601-mxt_igaku-000029086_4.pdf,21
A-1-3)-④,A,歯科医師として求められる基本的な資質・能力,1,プロフェッショナリズム,3,3),歯科医師としての責務と裁量権,,,,4,④,歯科医師に課せられた社会的責任と法的責任（刑事責任、民事責任、歯科医師法に基づく行政処分）を説明できる。,20230601-mxt_igaku-000029086_4.pdf,22
A-1-3)-⑤,A,歯科医師として求められる基本的な資質・能力,1,プロフェッショナリズム,3,3),歯科医師としての責務と裁量権,,,,5,⑤,患者に最も適した歯科医療を勧めるとともに、代替する他の方法についても説明できる。,20230601-mxt_igaku-000029086_4.pdf,22
A-2-1)-①,A,歯科医師として求められる基本的な資質・能力,2,医学知識と問題対応能力,1,1),課題探求・解決能力,,,,1,①,必要な課題を自ら発見できる。,20230601-mxt_igaku-000029086_4.pdf,22
A-2-1)-②,A,歯科医師として求められる基本的な資質・能力,2,医学知識と問題対応能力,1,1),課題探求・解決能力,,,,2,②,自分に必要な課題を、重要性・必要性に照らして順位付けできる。,20230601-mxt_igaku-000029086_4.pdf,22
A-2-1)-③,A,歯科医師として求められる基本的な資質・能力,2,医学知識と問題対応能力,1,1),課題探求・解決能力,,,,3,③,課題を解決する具体的な方法を発見し、課題を解決できる。,20230601-mxt_igaku-000029086_4.pdf,22
A-2-1)-④,A,歯科医師として求められる基本的な資質・能力,2,医学知識と問題対応能力,1,1),課題探求・解決能力,,,,4,④,課題の解決に当たり、他の学習者や教員と協力してよりよい解決方法を見出すことができる。,20230601-mxt_igaku-000029086_4.pdf,22
A-2-1)-⑤,A,歯科医師として求められる基本的な資質・能力,2,医学知識と問題対応能力,1,1),課題探求・解決能力,,,,5,⑤,適切な自己評価ができ、改善のための具体的方策を立てることができる。,20230601-mxt_igaku-000029086_4.pdf,22
A-2-2)-①,A,歯科医師として求められる基本的な資質・能力,2,医学知識と問題対応能力,2,2),学修の在り方,,,,1,①,講義、国内外の教科書・論文、検索情報等の内容について、重要事項や問題点を抽出できる。,20230601-mxt_igaku-000029086_4.pdf,22
A-2-2)-②,A,歯科医師として求められる基本的な資質・能力,2,医学知識と問題対応能力,2,2),学修の在り方,,,,2,②,得られた情報を統合し、客観的・批判的に整理して自分の考えを分かりやすく表現できる。,20230601-mxt_igaku-000029086_4.pdf,22
A-2-2)-③,A,歯科医師として求められる基本的な資質・能力,2,医学知識と問題対応能力,2,2),学修の在り方,,,,3,③,実験・実習の内容を決められた様式にしたがって文書と口頭で発表できる。,20230601-mxt_igaku-000029086_4.pdf,22
A-2-2)-④,A,歯科医師として求められる基本的な資質・能力,2,医学知識と問題対応能力,2,2),学修の在り方,,,,4,④,後輩等へ適切に指導できる。,20230601-mxt_igaku-000029086_4.pdf,22
A-2-2)-⑤,A,歯科医師として求められる基本的な資質・能力,2,医学知識と問題対応能力,2,2),学修の在り方,,,,5,⑤,各自の興味に応じて選択制カリキュラム（医学研究等）に参加する。,20230601-mxt_igaku-000029086_4.pdf,22
A-3-①,A,歯科医師として求められる基本的な資質・能力,3,診療技能と患者ケア,,,,,,,1,①,適切な医療面接により、患者との良好な関係を構築し、必要に応じて患者教育を実施できる。,20230601-mxt_igaku-000029086_4.pdf,23
A-3-②,A,歯科医師として求められる基本的な資質・能力,3,診療技能と患者ケア,,,,,,,2,②,全身状態の評価に基づいた口腔・顎顔面領域の診察ができる。,20230601-mxt_igaku-000029086_4.pdf,23
A-3-③,A,歯科医師として求められる基本的な資質・能力,3,診療技能と患者ケア,,,,,,,3,③,口腔・顎顔面領域の疾患を正しく診断し、患者の立場を尊重した治療方針・治療計画を立案できる。,20230601-mxt_igaku-000029086_4.pdf,23
A-3-④,A,歯科医師として求められる基本的な資質・能力,3,診療技能と患者ケア,,,,,,,4,④,患者中心の医療を目指したインフォームド・コンセントを得ることができる。,20230601-mxt_igaku-000029086_4.pdf,23
A-3-⑤,A,歯科医師として求められる基本的な資質・能力,3,診療技能と患者ケア,,,,,,,5,⑤,基本的な臨床手技を適切な態度で実践できる。,20230601-mxt_igaku-000029086_4.pdf,23
A-3-⑥,A,歯科医師として求められる基本的な資質・能力,3,診療技能と患者ケア,,,,,,,6,⑥,治療経過及び結果を自ら振り返り適切に評価できる。,20230601-mxt_igaku-000029086_4.pdf,23
A-4-1)-①,A,歯科医師として求められる基本的な資質・能力,4,コミュニケーション能力,1,1),コミュニケーション,,,,1,①,コミュニケーションの意義、目的と技法（言語的・準言語的・非言語的）を説明できる。,20230601-mxt_igaku-000029086_4.pdf,23
A-4-1)-②,A,歯科医師として求められる基本的な資質・能力,4,コミュニケーション能力,1,1),コミュニケーション,,,,2,②,コミュニケーションを通じて良好な人間関係を築くことができる。,20230601-mxt_igaku-000029086_4.pdf,23
A-4-1)-③,A,歯科医師として求められる基本的な資質・能力,4,コミュニケーション能力,1,1),コミュニケーション,,,,3,③,医療面接における基本的なコミュニケーションができる。,20230601-mxt_igaku-000029086_4.pdf,23
A-4-2)-①,A,歯科医師として求められる基本的な資質・能力,4,コミュニケーション能力,2,2),患者と歯科医師の関係,,,,1,①,患者と家族の精神的・身体的苦痛に十分配慮できる。,20230601-mxt_igaku-000029086_4.pdf,23
A-4-2)-②,A,歯科医師として求められる基本的な資質・能力,4,コミュニケーション能力,2,2),患者と歯科医師の関係,,,,2,②,患者に分かりやすい言葉で説明できる。,20230601-mxt_igaku-000029086_4.pdf,23
A-4-2)-③,A,歯科医師として求められる基本的な資質・能力,4,コミュニケーション能力,2,2),患者と歯科医師の関係,,,,3,③,患者の心理的・社会的背景や自立した生活を送るための課題を把握し、抱える問題点を抽出・整理できる。,20230601-mxt_igaku-000029086_4.pdf,23
A-4-2)-④,A,歯科医師として求められる基本的な資質・能力,4,コミュニケーション能力,2,2),患者と歯科医師の関係,,,,4,④,医療行為は患者と歯科医師との高度な信頼関係を基礎とする契約に基づいていることを説明できる。,20230601-mxt_igaku-000029086_4.pdf,23
A-4-2)-⑤,A,歯科医師として求められる基本的な資質・能力,4,コミュニケーション能力,2,2),患者と歯科医師の関係,,,,5,⑤,患者の要望（診察・転医・紹介）への対処の仕方を説明できる。,20230601-mxt_igaku-000029086_4.pdf,23
A-4-2)-⑥,A,歯科医師として求められる基本的な資質・能力,4,コミュニケーション能力,2,2),患者と歯科医師の関係,,,,6,⑥,患者のプライバシーに配慮できる。,20230601-mxt_igaku-000029086_4.pdf,23
A-4-2)-⑦,A,歯科医師として求められる基本的な資質・能力,4,コミュニケーション能力,2,2),患者と歯科医師の関係,,,,7,⑦,患者情報の守秘義務と患者等への情報提供の重要性を理解し、適切な取扱ができる。,20230601-mxt_igaku-000029086_4.pdf,23
A-5-1)-①,A,歯科医師として求められる基本的な資質・能力,5,チーム医療の実践,1,1),患者中心のチーム医療,,,,1,①,患者中心のチーム医療の意義を説明できる。,20230601-mxt_igaku-000029086_4.pdf,24
A-5-1)-②,A,歯科医師として求められる基本的な資質・能力,5,チーム医療の実践,1,1),患者中心のチーム医療,,,,2,②,医療チームや各構成員（歯科医師、医師、薬剤師、看護師、歯科衛生士、歯科技工士、その他の医療職）の役割分担と連携・責任体制を説明できる。,20230601-mxt_igaku-000029086_4.pdf,24
A-5-1)-③,A,歯科医師として求められる基本的な資質・能力,5,チーム医療の実践,1,1),患者中心のチーム医療,,,,3,③,保健・医療・福祉・介護における多職種連携と歯科医師の役割を説明できる。,20230601-mxt_igaku-000029086_4.pdf,24
A-5-1)-④,A,歯科医師として求められる基本的な資質・能力,5,チーム医療の実践,1,1),患者中心のチーム医療,,,,4,④,他の医療機関への紹介を行うための手続を説明できる。,20230601-mxt_igaku-000029086_4.pdf,24
A-5-1)-⑤,A,歯科医師として求められる基本的な資質・能力,5,チーム医療の実践,1,1),患者中心のチーム医療,,,,5,⑤,患者情報の守秘と患者等への情報提供の重要性を説明できる。,20230601-mxt_igaku-000029086_4.pdf,24
A-5-1)-⑥,A,歯科医師として求められる基本的な資質・能力,5,チーム医療の実践,1,1),患者中心のチーム医療,,,,6,⑥,セカンドオピニオンを説明できる。,20230601-mxt_igaku-000029086_4.pdf,24
A-5-1)-⑦,A,歯科医師として求められる基本的な資質・能力,5,チーム医療の実践,1,1),患者中心のチーム医療,,,,7,⑦,人生の最終段階における歯科の関わりと本人の意思決定・表示を説明できる。,20230601-mxt_igaku-000029086_4.pdf,24
A-6-1)-①,A,歯科医師として求められる基本的な資質・能力,6,医療の質と安全管理,1,1),安全性の確保,,,,1,①,医療上の事故等の発生要因（ヒューマンエラー、システムエラー等）を説明できる。,20230601-mxt_igaku-000029086_4.pdf,24
A-6-1)-②,A,歯科医師として求められる基本的な資質・能力,6,医療の質と安全管理,1,1),安全性の確保,,,,2,②,医療上の事故等に対する防止策を説明できる。,20230601-mxt_igaku-000029086_4.pdf,24
A-6-1)-③,A,歯科医師として求められる基本的な資質・能力,6,医療の質と安全管理,1,1),安全性の確保,,,,3,③,医療現場における報告・連絡・相談及び診療録記載の重要性を説明できる。,20230601-mxt_igaku-000029086_4.pdf,24
A-6-1)-④,A,歯科医師として求められる基本的な資質・能力,6,医療の質と安全管理,1,1),安全性の確保,,,,4,④,医療の安全性に関する情報の共有、分析の重要性を説明できる。,20230601-mxt_igaku-000029086_4.pdf,24
A-6-1)-⑤,A,歯科医師として求められる基本的な資質・能力,6,医療の質と安全管理,1,1),安全性の確保,,,,5,⑤,医療機関に求められる医療安全管理体制を概説できる。,20230601-mxt_igaku-000029086_4.pdf,24
A-6-1)-⑥,A,歯科医師として求められる基本的な資質・能力,6,医療の質と安全管理,1,1),安全性の確保,,,,6,⑥,医療関連感染の原因と対策を概説できる。,20230601-mxt_igaku-000029086_4.pdf,24
A-6-1)-⑦,A,歯科医師として求められる基本的な資質・能力,6,医療の質と安全管理,1,1),安全性の確保,,,,7,⑦,歯科医療における事故の具体例を列挙できる。,20230601-mxt_igaku-000029086_4.pdf,24
A-6-2)-①,A,歯科医師として求められる基本的な資質・能力,6,医療の質と安全管理,2,2),医療上の事故等への対処と予防,,,,1,①,医療事故と医療過誤の違いを説明できる。,20230601-mxt_igaku-000029086_4.pdf,25
A-6-2)-②,A,歯科医師として求められる基本的な資質・能力,6,医療の質と安全管理,2,2),医療上の事故等への対処と予防,,,,2,②,医療法に基づく医療事故調査制度を説明できる。,20230601-mxt_igaku-000029086_4.pdf,25
A-6-2)-③,A,歯科医師として求められる基本的な資質・能力,6,医療の質と安全管理,2,2),医療上の事故等への対処と予防,,,,3,③,医療上の事故等が発生した際の緊急処置や記録、報告を説明できる。,20230601-mxt_igaku-000029086_4.pdf,25
A-6-2)-④,A,歯科医師として求められる基本的な資質・能力,6,医療の質と安全管理,2,2),医療上の事故等への対処と予防,,,,4,④,医療上の事故等に対する具体的な防止対策や信頼性設計を説明できる。,20230601-mxt_igaku-000029086_4.pdf,25
A-6-2)-⑤,A,歯科医師として求められる基本的な資質・能力,6,医療の質と安全管理,2,2),医療上の事故等への対処と予防,,,,5,⑤,医療上の事故等の事例の原因を分析し、防止対策を立案できる。,20230601-mxt_igaku-000029086_4.pdf,25
A-6-2)-⑥,A,歯科医師として求められる基本的な資質・能力,6,医療の質と安全管理,2,2),医療上の事故等への対処と予防,,,,6,⑥,信頼性設計をはじめとする基本的な安全対策手法を概説できる。,20230601-mxt_igaku-000029086_4.pdf,25
A-6-3)-①,A,歯科医師として求められる基本的な資質・能力,6,医療の質と安全管理,3,3),医療従事者の健康と安全,,,,1,①,医療従事者の健康管理（予防接種を含む）の重要性を説明できる。,20230601-mxt_igaku-000029086_4.pdf,25
A-6-3)-②,A,歯科医師として求められる基本的な資質・能力,6,医療の質と安全管理,3,3),医療従事者の健康と安全,,,,2,②,標準予防策(standard precautions)を説明できる。,20230601-mxt_igaku-000029086_4.pdf,25
A-6-3)-③,A,歯科医師として求められる基本的な資質・能力,6,医療の質と安全管理,3,3),医療従事者の健康と安全,,,,3,③,感染経路別予防策を説明できる。,20230601-mxt_igaku-000029086_4.pdf,25
A-6-3)-④,A,歯科医師として求められる基本的な資質・能力,6,医療の質と安全管理,3,3),医療従事者の健康と安全,,,,4,④,針刺し事故等に遭遇した際の対処の仕方を説明できる。,20230601-mxt_igaku-000029086_4.pdf,25
A-6-3)-⑤,A,歯科医師として求められる基本的な資質・能力,6,医療の質と安全管理,3,3),医療従事者の健康と安全,,,,5,⑤,医療現場における労働環境の改善の必要性を説明できる。,20230601-mxt_igaku-000029086_4.pdf,25
A-7-1)-①,A,歯科医師として求められる基本的な資質・能力,7,社会における医療の実践,1,1),地域医療への貢献,,,,1,①,地域社会（へき地・離島を含む）における歯科医療の現状を概説できる。,20230601-mxt_igaku-000029086_4.pdf,25
A-7-1)-②,A,歯科医師として求められる基本的な資質・能力,7,社会における医療の実践,1,1),地域医療への貢献,,,,2,②,医療計画（医療圏、基準病床数、地域医療支援病院、病院・診療所・薬局の連携等）及び地域医療構想を説明できる。,20230601-mxt_igaku-000029086_4.pdf,25
A-7-1)-③,A,歯科医師として求められる基本的な資質・能力,7,社会における医療の実践,1,1),地域医療への貢献,,,,3,③,地域包括ケアシステムの概念を理解し、地域における、保健（母子保健、学校保健、産業保健、成人・高齢者保健、地域保健、精神保健）・医療・福祉・介護の分野間及び多職種間（行政を含む）の連携の必要性を説明できる。,20230601-mxt_igaku-000029086_4.pdf,25
A-7-1)-④,A,歯科医師として求められる基本的な資質・能力,7,社会における医療の実践,1,1),地域医療への貢献,,,,4,④,かかりつけ歯科医等の役割や地域医療の基盤となるプライマリ・ケアの必要性を理解し、実践に必要な能力を身に付ける。,20230601-mxt_igaku-000029086_4.pdf,25
A-7-1)-⑤,A,歯科医師として求められる基本的な資質・能力,7,社会における医療の実践,1,1),地域医療への貢献,,,,5,⑤,地域における在宅医療（訪問歯科診療を含む）、救急医療及び離島・へき地医療の体制を説明できる。,20230601-mxt_igaku-000029086_4.pdf,25
A-7-1)-⑥,A,歯科医師として求められる基本的な資質・能力,7,社会における医療の実践,1,1),地域医療への貢献,,,,6,⑥,災害医療（災害時保健医療、医療救護班、災害派遣医療チーム(Disaster Medical AssistanceTeam <DMAT>)、災害拠点病院、トリアージ、post-traumatic stress disorder <PTSD>、ストレス等）を説明できる。,20230601-mxt_igaku-000029086_4.pdf,26
A-7-1)-⑦,A,歯科医師として求められる基本的な資質・能力,7,社会における医療の実践,1,1),地域医療への貢献,,,,7,⑦,地域医療に積極的に参加・貢献する。,20230601-mxt_igaku-000029086_4.pdf,26
A-7-2)-①,A,歯科医師として求められる基本的な資質・能力,7,社会における医療の実践,2,2),国際医療への貢献,,,,1,①,患者の文化的背景を尊重し、英語をはじめとし異なる言語に対応することができる。,20230601-mxt_igaku-000029086_4.pdf,26
A-7-2)-②,A,歯科医師として求められる基本的な資質・能力,7,社会における医療の実践,2,2),国際医療への貢献,,,,2,②,地域医療の中での国際化を把握し、価値観の多様性を尊重した医療の実践に配慮することができる。,20230601-mxt_igaku-000029086_4.pdf,26
A-7-2)-③,A,歯科医師として求められる基本的な資質・能力,7,社会における医療の実践,2,2),国際医療への貢献,,,,3,③,保健、医療に関する国際的課題について理解し、説明できる。,20230601-mxt_igaku-000029086_4.pdf,26
A-7-2)-④,A,歯科医師として求められる基本的な資質・能力,7,社会における医療の実践,2,2),国際医療への貢献,,,,4,④,日本の医療の特徴を理解し、国際社会への貢献の意義を理解している。,20230601-mxt_igaku-000029086_4.pdf,26
A-7-2)-⑤,A,歯科医師として求められる基本的な資質・能力,7,社会における医療の実践,2,2),国際医療への貢献,,,,5,⑤,医療に関わる国際協力の重要性を理解し、仕組みを説明できる。,20230601-mxt_igaku-000029086_4.pdf,26
A-8-1)-①,A,歯科医師として求められる基本的な資質・能力,8,科学的探究,1,1),医学研究への志向の涵養（研究マインドの涵養）,,,,1,①,生命科学の講義・実習で得た知識を、診療で経験した病態の解析に応用できる。,20230601-mxt_igaku-000029086_4.pdf,26
A-8-1)-②,A,歯科医師として求められる基本的な資質・能力,8,科学的探究,1,1),医学研究への志向の涵養（研究マインドの涵養）,,,,2,②,臨床上の疑問 (clinical question <CQ>)を定式化できる。,20230601-mxt_igaku-000029086_4.pdf,26
A-8-1)-③,A,歯科医師として求められる基本的な資質・能力,8,科学的探究,1,1),医学研究への志向の涵養（研究マインドの涵養）,,,,3,③,患者や疾患を分析するために、教科書・論文などから最新の情報を検索・整理統合することができる。,20230601-mxt_igaku-000029086_4.pdf,26
A-9-1)-①,A,歯科医師として求められる基本的な資質・能力,9,生涯にわたって共に学ぶ姿勢,1,1),生涯学習への準備,,,,1,①,自ら問題点を探し出し、自己学習によってそれを解決することができる。,20230601-mxt_igaku-000029086_4.pdf,27
A-9-1)-②,A,歯科医師として求められる基本的な資質・能力,9,生涯にわたって共に学ぶ姿勢,1,1),生涯学習への準備,,,,2,②,歯科医学・医療に関連する情報を客観的・批判的に統合整理することができる。,20230601-mxt_igaku-000029086_4.pdf,27
A-9-1)-③,A,歯科医師として求められる基本的な資質・能力,9,生涯にわたって共に学ぶ姿勢,1,1),生涯学習への準備,,,,3,③,医療の改善の必要性と科学的研究の重要性を説明できる。,20230601-mxt_igaku-000029086_4.pdf,27
A-9-1)-④,A,歯科医師として求められる基本的な資質・能力,9,生涯にわたって共に学ぶ姿勢,1,1),生涯学習への準備,,,,4,④,科学的研究（臨床研究、疫学研究、生命科学研究等）に積極的に参加する。,20230601-mxt_igaku-000029086_4.pdf,27
B-1-①,B,社会と歯学,1,健康の概念,,,,,,,1,①,健康、障害と疾病の概念を説明できる。,20230601-mxt_igaku-000029086_4.pdf,28
B-1-②,B,社会と歯学,1,健康の概念,,,,,,,2,②,口腔と全身の健康との関連を説明できる。,20230601-mxt_igaku-000029086_4.pdf,28
B-1-③,B,社会と歯学,1,健康の概念,,,,,,,3,③,栄養と食育を説明できる。,20230601-mxt_igaku-000029086_4.pdf,28
B-2-1)-①,B,社会と歯学,2,健康と社会、環境,1,1),歯科医師法・歯科医療関連法規,,,,1,①,歯科医師法を説明できる。,20230601-mxt_igaku-000029086_4.pdf,28
B-2-1)-②,B,社会と歯学,2,健康と社会、環境,1,1),歯科医師法・歯科医療関連法規,,,,2,②,医療法を概説できる。,20230601-mxt_igaku-000029086_4.pdf,28
B-2-1)-③,B,社会と歯学,2,健康と社会、環境,1,1),歯科医師法・歯科医療関連法規,,,,3,③,歯科衛生士法と歯科技工士法を説明できる。,20230601-mxt_igaku-000029086_4.pdf,28
B-2-1)-④,B,社会と歯学,2,健康と社会、環境,1,1),歯科医師法・歯科医療関連法規,,,,4,④,薬事衛生法規を概説できる。,20230601-mxt_igaku-000029086_4.pdf,28
B-2-1)-⑤,B,社会と歯学,2,健康と社会、環境,1,1),歯科医師法・歯科医療関連法規,,,,5,⑤,保健衛生法規を概説できる。,20230601-mxt_igaku-000029086_4.pdf,28
B-2-1)-⑥,B,社会と歯学,2,健康と社会、環境,1,1),歯科医師法・歯科医療関連法規,,,,6,⑥,医師法、薬剤師法及び保健師助産師看護師法を概説できる。,20230601-mxt_igaku-000029086_4.pdf,28
B-2-1)-⑦,B,社会と歯学,2,健康と社会、環境,1,1),歯科医師法・歯科医療関連法規,,,,7,⑦,その他の歯科医療関係職種の身分法を概説できる。,20230601-mxt_igaku-000029086_4.pdf,28
B-2-2)-①,B,社会と歯学,2,健康と社会、環境,2,2),保健・医療・福祉・介護の制度,,,,1,①,保健・医療施策を説明できる。,20230601-mxt_igaku-000029086_4.pdf,28
B-2-2)-②,B,社会と歯学,2,健康と社会、環境,2,2),保健・医療・福祉・介護の制度,,,,2,②,医療保険制度と医療経済（国民医療費）を説明できる。,20230601-mxt_igaku-000029086_4.pdf,28
B-2-2)-③,B,社会と歯学,2,健康と社会、環境,2,2),保健・医療・福祉・介護の制度,,,,3,③,社会保障制度（社会保険・社会福祉・公的扶助・公衆衛生）を説明できる。,20230601-mxt_igaku-000029086_4.pdf,28
B-2-2)-④,B,社会と歯学,2,健康と社会、環境,2,2),保健・医療・福祉・介護の制度,,,,4,④,高齢者の置かれた社会環境を説明できる。,20230601-mxt_igaku-000029086_4.pdf,28
B-2-2)-⑤,B,社会と歯学,2,健康と社会、環境,2,2),保健・医療・福祉・介護の制度,,,,5,⑤,障害者の置かれた社会環境を説明できる。,20230601-mxt_igaku-000029086_4.pdf,28
B-2-2)-⑥,B,社会と歯学,2,健康と社会、環境,2,2),保健・医療・福祉・介護の制度,,,,6,⑥,虐待の防止に関する制度と歯科医師の責務を説明できる。,20230601-mxt_igaku-000029086_4.pdf,28
B-2-2)-⑦,B,社会と歯学,2,健康と社会、環境,2,2),保健・医療・福祉・介護の制度,,,,7,⑦,社会環境（ノーマライゼーション、バリアフリー、quality of life <QOL>）の考え方を説明できる。,20230601-mxt_igaku-000029086_4.pdf,29
B-2-2)-⑧,B,社会と歯学,2,健康と社会、環境,2,2),保健・医療・福祉・介護の制度,,,,8,⑧,地域における保健・医療・福祉・介護の連携（地域包括ケアシステム）を説明できる。,20230601-mxt_igaku-000029086_4.pdf,29
B-2-2)-⑨,B,社会と歯学,2,健康と社会、環境,2,2),保健・医療・福祉・介護の制度,,,,9,⑨,災害時の歯科医療の必要性を説明できる。,20230601-mxt_igaku-000029086_4.pdf,29
B-2-3)-①,B,社会と歯学,2,健康と社会、環境,3,3),歯科による個人識別,,,,1,①,歯科による個人識別を説明できる。,20230601-mxt_igaku-000029086_4.pdf,29
B-2-3)-②,B,社会と歯学,2,健康と社会、環境,3,3),歯科による個人識別,,,,2,②,歯科医師による身元確認や関連する死因究明等の制度を説明できる。,20230601-mxt_igaku-000029086_4.pdf,29
B-2-4)-①,B,社会と歯学,2,健康と社会、環境,4,4),環境と健康,,,,1,①,環境による健康への影響を説明できる。,20230601-mxt_igaku-000029086_4.pdf,29
B-2-4)-②,B,社会と歯学,2,健康と社会、環境,4,4),環境と健康,,,,2,②,環境基準と環境汚染を説明できる。,20230601-mxt_igaku-000029086_4.pdf,29
B-3-1)-①,B,社会と歯学,3,予防と健康管理,1,1),予防の概念,,,,1,①,疾病の自然史と第一次、第二次及び第三次予防を説明できる。,20230601-mxt_igaku-000029086_4.pdf,29
B-3-1)-②,B,社会と歯学,3,予防と健康管理,1,1),予防の概念,,,,2,②,プロフェッショナルケア、セルフケア及びコミュニティケアを説明できる。,20230601-mxt_igaku-000029086_4.pdf,29
B-3-1)-③,B,社会と歯学,3,予防と健康管理,1,1),予防の概念,,,,3,③,プライマリ・ケアとヘルスプロモーションを説明できる。,20230601-mxt_igaku-000029086_4.pdf,29
B-3-1)-④,B,社会と歯学,3,予防と健康管理,1,1),予防の概念,,,,4,④,感染性疾患と非感染性疾患の予防の違いを説明できる。,20230601-mxt_igaku-000029086_4.pdf,29
B-3-2)-①,B,社会と歯学,3,予防と健康管理,2,2),歯科疾患の予防と健康管理,,,,1,①,主な歯科疾患（齲蝕、歯周疾患、不正咬合）の予防を説明できる。,20230601-mxt_igaku-000029086_4.pdf,30
B-3-2)-②,B,社会と歯学,3,予防と健康管理,2,2),歯科疾患の予防と健康管理,,,,2,②,齲蝕予防における予防塡塞及びフッ化物の応用方法を説明できる。,20230601-mxt_igaku-000029086_4.pdf,30
B-3-2)-③,B,社会と歯学,3,予防と健康管理,2,2),歯科疾患の予防と健康管理,,,,3,③,プラークコントロールの意義と方法を説明できる。,20230601-mxt_igaku-000029086_4.pdf,30
B-3-2)-④,B,社会と歯学,3,予防と健康管理,2,2),歯科疾患の予防と健康管理,,,,4,④,ライフステージに応じた歯科疾患の予防を説明できる。,20230601-mxt_igaku-000029086_4.pdf,30
B-3-2)-⑤,B,社会と歯学,3,予防と健康管理,2,2),歯科疾患の予防と健康管理,,,,5,⑤,歯科疾患のリスク因子を説明できる。,20230601-mxt_igaku-000029086_4.pdf,30
B-3-2)-⑥,B,社会と歯学,3,予防と健康管理,2,2),歯科疾患の予防と健康管理,,,,6,⑥,公衆歯科衛生を概説できる。,20230601-mxt_igaku-000029086_4.pdf,30
B-3-2)-⑦,B,社会と歯学,3,予防と健康管理,2,2),歯科疾患の予防と健康管理,,,,7,⑦,人の行動と心理及び健康行動を概説できる。,20230601-mxt_igaku-000029086_4.pdf,30
B-3-2)-⑧,B,社会と歯学,3,予防と健康管理,2,2),歯科疾患の予防と健康管理,,,,8,⑧,行動変容と行動療法を概説できる。,20230601-mxt_igaku-000029086_4.pdf,30
B-4-1)-①,B,社会と歯学,4,疫学・保健医療統計,1,1),歯科疾患の疫学,,,,1,①,疫学と根拠に基づいた医療<EBM>の概念を説明できる。,20230601-mxt_igaku-000029086_4.pdf,30
B-4-1)-②,B,社会と歯学,4,疫学・保健医療統計,1,1),歯科疾患の疫学,,,,2,②,スクリーニング検査を説明できる。,20230601-mxt_igaku-000029086_4.pdf,30
B-4-1)-③,B,社会と歯学,4,疫学・保健医療統計,1,1),歯科疾患の疫学,,,,3,③,歯科疾患の疫学的指標を説明できる。,20230601-mxt_igaku-000029086_4.pdf,30
B-4-1)-④,B,社会と歯学,4,疫学・保健医療統計,1,1),歯科疾患の疫学,,,,4,④,診療ガイドラインを説明できる。,20230601-mxt_igaku-000029086_4.pdf,30
B-4-2)-①,B,社会と歯学,4,疫学・保健医療統計,2,2),保健統計,,,,1,①,確率変数とその分布、統計的推測（推定と検定）の原理と方法を説明できる。,20230601-mxt_igaku-000029086_4.pdf,30
B-4-2)-②,B,社会と歯学,4,疫学・保健医療統計,2,2),保健統計,,,,2,②,主な保健統計（歯科疾患実態調査、国民健康・栄養調査、国勢調査、人口動態調査、患者調査、医療施設調査、医師・歯科医師・薬剤師調査、学校保健統計調査等）を説明できる。,20230601-mxt_igaku-000029086_4.pdf,30
B-4-2)-③,B,社会と歯学,4,疫学・保健医療統計,2,2),保健統計,,,,3,③,主な健康指標（平均寿命、平均余命、新生児・乳幼児死亡率等）を説明できる。,20230601-mxt_igaku-000029086_4.pdf,30
B-4-2)-④,B,社会と歯学,4,疫学・保健医療統計,2,2),保健統計,,,,4,④,調査方法と統計的分析法を説明できる。,20230601-mxt_igaku-000029086_4.pdf,30
B-4-3)-①,B,社会と歯学,4,疫学・保健医療統計,3,3),保健医療情報,,,,1,①,保健医療情報（診療情報（診療録等）を含む）の取扱いと情報のセキュリティーを説明できる。,20230601-mxt_igaku-000029086_4.pdf,30
B-4-3)-②,B,社会と歯学,4,疫学・保健医療統計,3,3),保健医療情報,,,,2,②,診療情報の開示に関する法的根拠と注意点を説明できる。,20230601-mxt_igaku-000029086_4.pdf,31
C-1-1)-①,C,生命科学,1,基礎自然科学,1,1),生体を構成する物質の化学的基礎,,,,1,①,原子と生体を構成する元素を説明できる。,20230601-mxt_igaku-000029086_4.pdf,32
C-1-1)-②,C,生命科学,1,基礎自然科学,1,1),生体を構成する物質の化学的基礎,,,,2,②,分子の成り立ち及び生体構成分子に関する化学的性質を説明できる。,20230601-mxt_igaku-000029086_4.pdf,32
C-1-1)-③,C,生命科学,1,基礎自然科学,1,1),生体を構成する物質の化学的基礎,,,,3,③,物質間及び物質とエネルギーの相互作用を説明できる。,20230601-mxt_igaku-000029086_4.pdf,32
C-1-2)-①,C,生命科学,1,基礎自然科学,2,2),生体現象の物理学的基礎,,,,1,①,生体現象と医療機器の原理における物体の力学的な運動を説明できる。,20230601-mxt_igaku-000029086_4.pdf,32
C-1-2)-②,C,生命科学,1,基礎自然科学,2,2),生体現象の物理学的基礎,,,,2,②,振動と波動現象の特徴及び光と音の基本的性質を説明できる。,20230601-mxt_igaku-000029086_4.pdf,32
C-1-2)-③,C,生命科学,1,基礎自然科学,2,2),生体現象の物理学的基礎,,,,3,③,医療機器に応用される電磁現象を説明できる。,20230601-mxt_igaku-000029086_4.pdf,32
C-2-1)-①,C,生命科学,2,生命の分子的基盤,1,1),生命を構成する基本物質,,,,1,①,アミノ酸とタンパク質の構造、機能及び代謝を説明できる。,20230601-mxt_igaku-000029086_4.pdf,32
C-2-1)-②,C,生命科学,2,生命の分子的基盤,1,1),生命を構成する基本物質,,,,2,②,糖質の構造、機能及び代謝を説明できる。,20230601-mxt_igaku-000029086_4.pdf,32
C-2-1)-③,C,生命科学,2,生命の分子的基盤,1,1),生命を構成する基本物質,,,,3,③,脂質の構造、機能及び代謝を説明できる。,20230601-mxt_igaku-000029086_4.pdf,32
C-2-1)-④,C,生命科学,2,生命の分子的基盤,1,1),生命を構成する基本物質,,,,4,④,生体のエネルギー産生と利用を説明できる。,20230601-mxt_igaku-000029086_4.pdf,32
C-2-1)-⑤,C,生命科学,2,生命の分子的基盤,1,1),生命を構成する基本物質,,,,5,⑤,酵素の機能と主な代謝異常を説明できる。,20230601-mxt_igaku-000029086_4.pdf,32
C-2-2)-①,C,生命科学,2,生命の分子的基盤,2,2),遺伝子と遺伝,,,,1,①,核酸、遺伝子及び染色体の構造と機能を説明できる。,20230601-mxt_igaku-000029086_4.pdf,33
C-2-2)-②,C,生命科学,2,生命の分子的基盤,2,2),遺伝子と遺伝,,,,2,②,デオキシリボ核酸(DNA)複製と修復の機序を説明できる。,20230601-mxt_igaku-000029086_4.pdf,33
C-2-2)-③,C,生命科学,2,生命の分子的基盤,2,2),遺伝子と遺伝,,,,3,③,転写と翻訳の過程と調節機序を説明できる。,20230601-mxt_igaku-000029086_4.pdf,33
C-2-2)-④,C,生命科学,2,生命の分子的基盤,2,2),遺伝子と遺伝,,,,4,④,遺伝性疾患の発生機序を説明できる。,20230601-mxt_igaku-000029086_4.pdf,33
C-2-2)-⑤,C,生命科学,2,生命の分子的基盤,2,2),遺伝子と遺伝,,,,5,⑤,遺伝子解析や遺伝子工学技術を説明できる。,20230601-mxt_igaku-000029086_4.pdf,33
C-2-3)-①,C,生命科学,2,生命の分子的基盤,3,3),細胞の構造と機能,,,,1,①,真核細胞の全体像と細胞膜、核、細胞小器官及び細胞骨格の構造と機能を説明できる。,20230601-mxt_igaku-000029086_4.pdf,33
C-2-3)-②,C,生命科学,2,生命の分子的基盤,3,3),細胞の構造と機能,,,,2,②,細胞の分泌と吸収を説明できる。,20230601-mxt_igaku-000029086_4.pdf,33
C-2-3)-③,C,生命科学,2,生命の分子的基盤,3,3),細胞の構造と機能,,,,3,③,細胞周期と細胞分裂を説明できる。,20230601-mxt_igaku-000029086_4.pdf,33
C-2-3)-④,C,生命科学,2,生命の分子的基盤,3,3),細胞の構造と機能,,,,4,④,細胞死の種類と基本的機序を説明できる。,20230601-mxt_igaku-000029086_4.pdf,33
C-2-4)-①,C,生命科学,2,生命の分子的基盤,4,4),細胞の情報伝達機構,,,,1,①,細胞接着の機構を説明できる。,20230601-mxt_igaku-000029086_4.pdf,33
C-2-4)-②,C,生命科学,2,生命の分子的基盤,4,4),細胞の情報伝達機構,,,,2,②,ホルモン、成長因子、サイトカイン等の受容体を介する細胞情報伝達機構を説明できる。,20230601-mxt_igaku-000029086_4.pdf,33
C-2-4)-③,C,生命科学,2,生命の分子的基盤,4,4),細胞の情報伝達機構,,,,3,③,主な細胞外マトリックス分子の構造と機能、合成と分解を説明できる。,20230601-mxt_igaku-000029086_4.pdf,33
C-3-1)-①,C,生命科学,3,人体の構造と機能,1,1),身体の部位と方向用語,,,,1,①,身体の区分及び方向用語を用いた運動方向と位置関係を説明できる。,20230601-mxt_igaku-000029086_4.pdf,33
C-3-2)-①,C,生命科学,3,人体の構造と機能,2,2),組織、器官及び個体の発生と成長,,,,1,①,人体の正常な個体発生と器官発生を説明できる。,20230601-mxt_igaku-000029086_4.pdf,34
C-3-2)-②,C,生命科学,3,人体の構造と機能,2,2),組織、器官及び個体の発生と成長,,,,2,②,多能性幹細胞と基本的な発生学的技術を概説できる。,20230601-mxt_igaku-000029086_4.pdf,34
C-3-2)-③,C,生命科学,3,人体の構造と機能,2,2),組織、器官及び個体の発生と成長,,,,3,③,人体の形態的な成長と機能的な発達を説明できる。,20230601-mxt_igaku-000029086_4.pdf,34
C-3-2)-④,C,生命科学,3,人体の構造と機能,2,2),組織、器官及び個体の発生と成長,,,,4,④,小児の身体発育、精神発達の特徴と評価法を説明できる。,20230601-mxt_igaku-000029086_4.pdf,34
C-3-3)-①,C,生命科学,3,人体の構造と機能,3,3),組織、器官及び個体の老化,,,,1,①,人体の老化の特性と機序及び寿命を概説できる。,20230601-mxt_igaku-000029086_4.pdf,34
C-3-3)-②,C,生命科学,3,人体の構造と機能,3,3),組織、器官及び個体の老化,,,,2,②,老化に伴う細胞、組織、器官及び個体の形態的・機能的な変化を概説できる。,20230601-mxt_igaku-000029086_4.pdf,34
C-3-3)-③,C,生命科学,3,人体の構造と機能,3,3),組織、器官及び個体の老化,,,,3,③,老化に伴う精神的・心理的変化を説明できる。,20230601-mxt_igaku-000029086_4.pdf,34
C-3-4)-(1)-①,C,生命科学,3,人体の構造と機能,4,4),身体を構成する組織と器官,1,(1),上皮組織と皮膚・粘膜系,1,①,上皮組織の形態、機能及び分布を説明できる。,20230601-mxt_igaku-000029086_4.pdf,34
C-3-4)-(1)-②,C,生命科学,3,人体の構造と機能,4,4),身体を構成する組織と器官,1,(1),上皮組織と皮膚・粘膜系,2,②,皮膚と粘膜の基本的な構造と機能を説明できる。,20230601-mxt_igaku-000029086_4.pdf,34
C-3-4)-(1)-③,C,生命科学,3,人体の構造と機能,4,4),身体を構成する組織と器官,1,(1),上皮組織と皮膚・粘膜系,3,③,腺の構造と分布及び分泌機構を説明できる。,20230601-mxt_igaku-000029086_4.pdf,34
C-3-4)-(2)-①,C,生命科学,3,人体の構造と機能,4,4),身体を構成する組織と器官,2,(2),支持組織と骨格系,1,①,人体の基本的な骨格系と骨の結合様式を説明できる。,20230601-mxt_igaku-000029086_4.pdf,34
C-3-4)-(2)-②,C,生命科学,3,人体の構造と機能,4,4),身体を構成する組織と器官,2,(2),支持組織と骨格系,2,②,結合（支持）組織の分類と構成する細胞と細胞間質を説明できる。,20230601-mxt_igaku-000029086_4.pdf,34
C-3-4)-(2)-③,C,生命科学,3,人体の構造と機能,4,4),身体を構成する組織と器官,2,(2),支持組織と骨格系,3,③,骨と軟骨の組織構造と構成する細胞を説明できる。,20230601-mxt_igaku-000029086_4.pdf,34
C-3-4)-(2)-④,C,生命科学,3,人体の構造と機能,4,4),身体を構成する組織と器官,2,(2),支持組織と骨格系,4,④,骨発生（軟骨内骨化と膜内骨化）、骨成長及びリモデリングの機序と調節機構を説明できる。,20230601-mxt_igaku-000029086_4.pdf,34
C-3-4)-(2)-⑤,C,生命科学,3,人体の構造と機能,4,4),身体を構成する組織と器官,2,(2),支持組織と骨格系,5,⑤,硬組織の成分と石灰化の機序を説明できる。,20230601-mxt_igaku-000029086_4.pdf,34
C-3-4)-(3)-①,C,生命科学,3,人体の構造と機能,4,4),身体を構成する組織と器官,3,(3),筋組織と筋系,1,①,筋組織の分類と分布を説明できる。,20230601-mxt_igaku-000029086_4.pdf,34
C-3-4)-(3)-②,C,生命科学,3,人体の構造と機能,4,4),身体を構成する組織と器官,3,(3),筋組織と筋系,2,②,筋細胞の構造と筋収縮の機序を説明できる。,20230601-mxt_igaku-000029086_4.pdf,34
C-3-4)-(3)-③,C,生命科学,3,人体の構造と機能,4,4),身体を構成する組織と器官,3,(3),筋組織と筋系,3,③,全身の主要な筋の肉眼的構造、作用及び神経支配を説明できる。,20230601-mxt_igaku-000029086_4.pdf,34
C-3-4)-(4)-①,C,生命科学,3,人体の構造と機能,4,4),身体を構成する組織と器官,4,(4),血液・リンパと循環器系,1,①,心臓の構造、発生、機能及び心電図波形を説明できる。,20230601-mxt_igaku-000029086_4.pdf,34
C-3-4)-(4)-②,C,生命科学,3,人体の構造と機能,4,4),身体を構成する組織と器官,4,(4),血液・リンパと循環器系,2,②,血液循環（肺循環、体循環及び胎児循環）の経路と主要な動静脈の名称を説明できる。,20230601-mxt_igaku-000029086_4.pdf,34
C-3-4)-(4)-③,C,生命科学,3,人体の構造と機能,4,4),身体を構成する組織と器官,4,(4),血液・リンパと循環器系,3,③,血管の構造と血圧調節機能を説明できる。,20230601-mxt_igaku-000029086_4.pdf,34
C-3-4)-(4)-④,C,生命科学,3,人体の構造と機能,4,4),身体を構成する組織と器官,4,(4),血液・リンパと循環器系,4,④,血液の構成要素と役割を説明できる。,20230601-mxt_igaku-000029086_4.pdf,35
C-3-4)-(4)-⑤,C,生命科学,3,人体の構造と機能,4,4),身体を構成する組織と器官,4,(4),血液・リンパと循環器系,5,⑤,リンパ管とリンパ系組織・器官の構造と機能を説明できる。,20230601-mxt_igaku-000029086_4.pdf,35
C-3-4)-(4)-⑥,C,生命科学,3,人体の構造と機能,4,4),身体を構成する組織と器官,4,(4),血液・リンパと循環器系,6,⑥,造血器官と造血機構を説明できる。,20230601-mxt_igaku-000029086_4.pdf,35
C-3-4)-(4)-⑦,C,生命科学,3,人体の構造と機能,4,4),身体を構成する組織と器官,4,(4),血液・リンパと循環器系,7,⑦,止血、血液凝固及び線溶の機序を説明できる。,20230601-mxt_igaku-000029086_4.pdf,35
C-3-4)-(5)-①,C,生命科学,3,人体の構造と機能,4,4),身体を構成する組織と器官,5,(5),神経系,1,①,末梢神経系の種類、走行及び支配領域を説明できる。,20230601-mxt_igaku-000029086_4.pdf,35
C-3-4)-(5)-②,C,生命科学,3,人体の構造と機能,4,4),身体を構成する組織と器官,5,(5),神経系,2,②,体性神経系と自律神経系の構造と機能を説明できる。,20230601-mxt_igaku-000029086_4.pdf,35
C-3-4)-(5)-③,C,生命科学,3,人体の構造と機能,4,4),身体を構成する組織と器官,5,(5),神経系,3,③,交感神経系と副交感神経系の構造と機能を説明できる。,20230601-mxt_igaku-000029086_4.pdf,35
C-3-4)-(5)-④,C,生命科学,3,人体の構造と機能,4,4),身体を構成する組織と器官,5,(5),神経系,4,④,脳と脊髄の構造と機能（運動機能、感覚機能、高次神経機能及び自律機能）を説明できる。,20230601-mxt_igaku-000029086_4.pdf,35
C-3-4)-(5)-⑤,C,生命科学,3,人体の構造と機能,4,4),身体を構成する組織と器官,5,(5),神経系,5,⑤,脳血管の構造と分布及び機能的特徴を説明できる。,20230601-mxt_igaku-000029086_4.pdf,35
C-3-4)-(5)-⑥,C,生命科学,3,人体の構造と機能,4,4),身体を構成する組織と器官,5,(5),神経系,6,⑥,反射、半自動運動、随意運動の発現と調節の機序を説明できる。,20230601-mxt_igaku-000029086_4.pdf,35
C-3-4)-(5)-⑦,C,生命科学,3,人体の構造と機能,4,4),身体を構成する組織と器官,5,(5),神経系,7,⑦,ニューロンとグリアの構造と機能を説明できる。,20230601-mxt_igaku-000029086_4.pdf,35
C-3-4)-(5)-⑧,C,生命科学,3,人体の構造と機能,4,4),身体を構成する組織と器官,5,(5),神経系,8,⑧,神経の活動電位の発生と伝導の機序を説明できる。,20230601-mxt_igaku-000029086_4.pdf,35
C-3-4)-(5)-⑨,C,生命科学,3,人体の構造と機能,4,4),身体を構成する組織と器官,5,(5),神経系,9,⑨,シナプス伝達の機序と神経伝達物質を説明できる。,20230601-mxt_igaku-000029086_4.pdf,35
C-3-4)-(6)-①,C,生命科学,3,人体の構造と機能,4,4),身体を構成する組織と器官,6,(6),感覚器系と感覚,1,①,特殊感覚器の構造と特殊感覚を説明できる。,20230601-mxt_igaku-000029086_4.pdf,35
C-3-4)-(6)-②,C,生命科学,3,人体の構造と機能,4,4),身体を構成する組織と器官,6,(6),感覚器系と感覚,2,②,体性感覚の受容器の構造と機能を説明できる。,20230601-mxt_igaku-000029086_4.pdf,35
C-3-4)-(6)-③,C,生命科学,3,人体の構造と機能,4,4),身体を構成する組織と器官,6,(6),感覚器系と感覚,3,③,内臓感覚を概説できる。,20230601-mxt_igaku-000029086_4.pdf,35
C-3-4)-(6)-④,C,生命科学,3,人体の構造と機能,4,4),身体を構成する組織と器官,6,(6),感覚器系と感覚,4,④,疼痛の種類、発生機序及び制御機構を説明できる。,20230601-mxt_igaku-000029086_4.pdf,35
C-3-4)-(7)-①,C,生命科学,3,人体の構造と機能,4,4),身体を構成する組織と器官,7,(7),消化器系,1,①,消化管の基本構造、消化機能及び調節機構を説明できる。,20230601-mxt_igaku-000029086_4.pdf,35
C-3-4)-(7)-②,C,生命科学,3,人体の構造と機能,4,4),身体を構成する組織と器官,7,(7),消化器系,2,②,肝臓の構造と機能及び胆汁と胆道系を説明できる。,20230601-mxt_igaku-000029086_4.pdf,35
C-3-4)-(7)-③,C,生命科学,3,人体の構造と機能,4,4),身体を構成する組織と器官,7,(7),消化器系,3,③,膵臓（外分泌部と内分泌部）の構造と機能を説明できる。,20230601-mxt_igaku-000029086_4.pdf,35
C-3-4)-(8)-①,C,生命科学,3,人体の構造と機能,4,4),身体を構成する組織と器官,8,(8),呼吸器系,1,①,気道系の構造と機能を説明できる。,20230601-mxt_igaku-000029086_4.pdf,35
C-3-4)-(8)-②,C,生命科学,3,人体の構造と機能,4,4),身体を構成する組織と器官,8,(8),呼吸器系,2,②,肺の構造・機能と呼吸運動を説明できる。,20230601-mxt_igaku-000029086_4.pdf,35
C-3-4)-(9)-①,C,生命科学,3,人体の構造と機能,4,4),身体を構成する組織と器官,9,(9),内分泌系とホメオスタシス,1,①,内分泌器官・組織の構造と機能及びホルモンの種類、作用と異常を説明できる。,20230601-mxt_igaku-000029086_4.pdf,35
C-3-4)-(9)-②,C,生命科学,3,人体の構造と機能,4,4),身体を構成する組織と器官,9,(9),内分泌系とホメオスタシス,2,②,恒常性維持と内分泌系・神経系の機能相関を説明できる。,20230601-mxt_igaku-000029086_4.pdf,35
C-3-4)-(9)-③,C,生命科学,3,人体の構造と機能,4,4),身体を構成する組織と器官,9,(9),内分泌系とホメオスタシス,3,③,体温の調節機序を説明できる。,20230601-mxt_igaku-000029086_4.pdf,35
C-3-4)-(9)-④,C,生命科学,3,人体の構造と機能,4,4),身体を構成する組織と器官,9,(9),内分泌系とホメオスタシス,4,④,摂食調節の機序を説明できる。,20230601-mxt_igaku-000029086_4.pdf,35
C-3-4)-(10)-①,C,生命科学,3,人体の構造と機能,4,4),身体を構成する組織と器官,10,(10),泌尿器系と体液・電解質調節,1,①,腎臓、尿管、膀胱及び尿道の構造と機能を説明できる。,20230601-mxt_igaku-000029086_4.pdf,35
C-3-4)-(10)-②,C,生命科学,3,人体の構造と機能,4,4),身体を構成する組織と器官,10,(10),泌尿器系と体液・電解質調節,2,②,体液の量と組成及び浸透圧の調節機構を説明できる。,20230601-mxt_igaku-000029086_4.pdf,35
C-3-4)-(10)-③,C,生命科学,3,人体の構造と機能,4,4),身体を構成する組織と器官,10,(10),泌尿器系と体液・電解質調節,3,③,水代謝と主な電解質の出納とその異常を説明できる。,20230601-mxt_igaku-000029086_4.pdf,36
C-3-4)-(11)-①,C,生命科学,3,人体の構造と機能,4,4),身体を構成する組織と器官,11,(11),生殖器系,1,①,男性生殖器と女性生殖器の構造と機能を説明できる。,20230601-mxt_igaku-000029086_4.pdf,36
C-4-1)-①,C,生命科学,4,感染と免疫,1,1),感染,,,,1,①,細菌、真菌、ウイルス及び原虫の基本的な構造と性状を説明できる。,20230601-mxt_igaku-000029086_4.pdf,36
C-4-1)-②,C,生命科学,4,感染と免疫,1,1),感染,,,,2,②,細菌、真菌、ウイルス及び原虫のヒトに対する感染機構と病原性を説明できる。,20230601-mxt_igaku-000029086_4.pdf,36
C-4-1)-③,C,生命科学,4,感染と免疫,1,1),感染,,,,3,③,感染症の種類、予防、診断及び治療を説明できる。,20230601-mxt_igaku-000029086_4.pdf,36
C-4-1)-④,C,生命科学,4,感染と免疫,1,1),感染,,,,4,④,滅菌と消毒の意義、種類及び原理を説明できる。,20230601-mxt_igaku-000029086_4.pdf,36
C-4-1)-⑤,C,生命科学,4,感染と免疫,1,1),感染,,,,5,⑤,化学療法の目的と原理及び化学療法薬の作用機序並びに薬剤耐性機序を説明できる。,20230601-mxt_igaku-000029086_4.pdf,36
C-4-2)-①,C,生命科学,4,感染と免疫,2,2),免疫,,,,1,①,自然免疫の種類と機能を説明できる。,20230601-mxt_igaku-000029086_4.pdf,36
C-4-2)-②,C,生命科学,4,感染と免疫,2,2),免疫,,,,2,②,獲得免疫の種類と機構を説明できる。,20230601-mxt_igaku-000029086_4.pdf,36
C-4-2)-③,C,生命科学,4,感染と免疫,2,2),免疫,,,,3,③,免疫系担当臓器・細胞の種類と機能を説明できる。,20230601-mxt_igaku-000029086_4.pdf,36
C-4-2)-④,C,生命科学,4,感染と免疫,2,2),免疫,,,,4,④,抗原提示機能と免疫寛容を説明できる。,20230601-mxt_igaku-000029086_4.pdf,36
C-4-2)-⑤,C,生命科学,4,感染と免疫,2,2),免疫,,,,5,⑤,アレルギー性疾患の種類、発症機序及び病態を説明できる。,20230601-mxt_igaku-000029086_4.pdf,36
C-4-2)-⑥,C,生命科学,4,感染と免疫,2,2),免疫,,,,6,⑥,免疫不全症・自己免疫疾患の種類、発症機序及び病態を説明できる。,20230601-mxt_igaku-000029086_4.pdf,36
C-4-2)-⑦,C,生命科学,4,感染と免疫,2,2),免疫,,,,7,⑦,粘膜免疫を説明できる。,20230601-mxt_igaku-000029086_4.pdf,36
C-4-2)-⑧,C,生命科学,4,感染と免疫,2,2),免疫,,,,8,⑧,ワクチンの意義と種類、特徴及び副反応を説明できる。,20230601-mxt_igaku-000029086_4.pdf,36
C-5-1)-①,C,生命科学,5,病因と病態,1,1),病因論と先天異常,,,,1,①,染色体、遺伝子及び発生の異常を説明できる。,20230601-mxt_igaku-000029086_4.pdf,37
C-5-1)-②,C,生命科学,5,病因と病態,1,1),病因論と先天異常,,,,2,②,環境と疾患の関係を説明できる。,20230601-mxt_igaku-000029086_4.pdf,37
C-5-2)-①,C,生命科学,5,病因と病態,2,2),細胞傷害、組織傷害及び萎縮,,,,1,①,細胞傷害と組織傷害を説明できる。,20230601-mxt_igaku-000029086_4.pdf,37
C-5-2)-②,C,生命科学,5,病因と病態,2,2),細胞傷害、組織傷害及び萎縮,,,,2,②,変性と関連疾患の病態を説明できる。,20230601-mxt_igaku-000029086_4.pdf,37
C-5-2)-③,C,生命科学,5,病因と病態,2,2),細胞傷害、組織傷害及び萎縮,,,,3,③,疾患における壊死とアポトーシスを説明できる。,20230601-mxt_igaku-000029086_4.pdf,37
C-5-2)-④,C,生命科学,5,病因と病態,2,2),細胞傷害、組織傷害及び萎縮,,,,4,④,萎縮と仮性肥大を説明できる。,20230601-mxt_igaku-000029086_4.pdf,37
C-5-3)-①,C,生命科学,5,病因と病態,3,3),修復と再生,,,,1,①,修復と再生の機序と幹細胞の役割を説明できる。,20230601-mxt_igaku-000029086_4.pdf,37
C-5-3)-②,C,生命科学,5,病因と病態,3,3),修復と再生,,,,2,②,肥大と過形成を説明できる。,20230601-mxt_igaku-000029086_4.pdf,37
C-5-3)-③,C,生命科学,5,病因と病態,3,3),修復と再生,,,,3,③,化生を説明できる。,20230601-mxt_igaku-000029086_4.pdf,37
C-5-3)-④,C,生命科学,5,病因と病態,3,3),修復と再生,,,,4,④,創傷治癒の過程と関与する細胞を説明できる。,20230601-mxt_igaku-000029086_4.pdf,37
C-5-3)-⑤,C,生命科学,5,病因と病態,3,3),修復と再生,,,,5,⑤,器質化を説明できる。,20230601-mxt_igaku-000029086_4.pdf,37
C-5-4)-①,C,生命科学,5,病因と病態,4,4),循環障害,,,,1,①,虚血、充血及びうっ血の徴候、原因、転帰及び関連疾患を説明できる。,20230601-mxt_igaku-000029086_4.pdf,37
C-5-4)-②,C,生命科学,5,病因と病態,4,4),循環障害,,,,2,②,出血の原因、種類及び転帰を説明できる。,20230601-mxt_igaku-000029086_4.pdf,37
C-5-4)-③,C,生命科学,5,病因と病態,4,4),循環障害,,,,3,③,血栓と塞栓の形成機序、形態的特徴、転帰及び関連疾患を説明できる。,20230601-mxt_igaku-000029086_4.pdf,37
C-5-4)-④,C,生命科学,5,病因と病態,4,4),循環障害,,,,4,④,梗塞の種類、形態的特徴、転帰及び関連疾患を説明できる。,20230601-mxt_igaku-000029086_4.pdf,37
C-5-4)-⑤,C,生命科学,5,病因と病態,4,4),循環障害,,,,5,⑤,浮腫の原因と転帰を説明できる。,20230601-mxt_igaku-000029086_4.pdf,37
C-5-4)-⑥,C,生命科学,5,病因と病態,4,4),循環障害,,,,6,⑥,ショックの成因と種類を説明できる。,20230601-mxt_igaku-000029086_4.pdf,37
C-5-5)-①,C,生命科学,5,病因と病態,5,5),炎症,,,,1,①,炎症の定義と機序を説明できる。,20230601-mxt_igaku-000029086_4.pdf,38
C-5-5)-②,C,生命科学,5,病因と病態,5,5),炎症,,,,2,②,炎症に関与する細胞の種類と機能を説明できる。,20230601-mxt_igaku-000029086_4.pdf,38
C-5-5)-③,C,生命科学,5,病因と病態,5,5),炎症,,,,3,③,滲出性炎の種類、形態的特徴及び経時的変化を説明できる。,20230601-mxt_igaku-000029086_4.pdf,38
C-5-5)-④,C,生命科学,5,病因と病態,5,5),炎症,,,,4,④,肉芽腫性炎の種類、形態的特徴及び経時的変化を説明できる。,20230601-mxt_igaku-000029086_4.pdf,38
C-5-6)-①,C,生命科学,5,病因と病態,6,6),腫瘍,,,,1,①,腫瘍の定義を説明できる。,20230601-mxt_igaku-000029086_4.pdf,38
C-5-6)-②,C,生命科学,5,病因と病態,6,6),腫瘍,,,,2,②,腫瘍の病因を説明できる。,20230601-mxt_igaku-000029086_4.pdf,38
C-5-6)-③,C,生命科学,5,病因と病態,6,6),腫瘍,,,,3,③,上皮異形成を説明できる。,20230601-mxt_igaku-000029086_4.pdf,38
C-5-6)-④,C,生命科学,5,病因と病態,6,6),腫瘍,,,,4,④,腫瘍の異型性と組織学的分化度を説明できる。,20230601-mxt_igaku-000029086_4.pdf,38
C-5-6)-⑤,C,生命科学,5,病因と病態,6,6),腫瘍,,,,5,⑤,良性腫瘍と悪性腫瘍の異同を説明できる。,20230601-mxt_igaku-000029086_4.pdf,38
C-5-6)-⑥,C,生命科学,5,病因と病態,6,6),腫瘍,,,,6,⑥,腫瘍の増殖、浸潤、再発及び転移を説明できる。,20230601-mxt_igaku-000029086_4.pdf,38
C-5-7)-①,C,生命科学,5,病因と病態,7,7),個体の死,,,,1,①,死の概念と生物学的な死を説明できる。,20230601-mxt_igaku-000029086_4.pdf,38
C-6-1)-①,C,生命科学,6,生体と薬物,1,1),薬物と医薬品,,,,1,①,医薬品の分類を説明できる。,20230601-mxt_igaku-000029086_4.pdf,38
C-6-1)-②,C,生命科学,6,生体と薬物,1,1),薬物と医薬品,,,,2,②,毒薬、劇薬及び麻薬等の表示と保管を説明できる。,20230601-mxt_igaku-000029086_4.pdf,38
C-6-1)-③,C,生命科学,6,生体と薬物,1,1),薬物と医薬品,,,,3,③,日本薬局方を説明できる。,20230601-mxt_igaku-000029086_4.pdf,38
C-6-2)-①,C,生命科学,6,生体と薬物,2,2),薬理作用,,,,1,①,薬理作用の基本形式と分類を説明できる。,20230601-mxt_igaku-000029086_4.pdf,39
C-6-2)-②,C,生命科学,6,生体と薬物,2,2),薬理作用,,,,2,②,薬物作用とその作用機序を説明できる。,20230601-mxt_igaku-000029086_4.pdf,39
C-6-2)-③,C,生命科学,6,生体と薬物,2,2),薬理作用,,,,3,③,薬理作用を規定する要因（用量と反応、感受性）を説明できる。,20230601-mxt_igaku-000029086_4.pdf,39
C-6-2)-④,C,生命科学,6,生体と薬物,2,2),薬理作用,,,,4,④,薬物の連用の影響（耐性、蓄積及び薬物依存）を説明できる。,20230601-mxt_igaku-000029086_4.pdf,39
C-6-2)-⑤,C,生命科学,6,生体と薬物,2,2),薬理作用,,,,5,⑤,薬物の併用（協力作用、拮抗作用、相互作用）を説明できる。,20230601-mxt_igaku-000029086_4.pdf,39
C-6-3)-①,C,生命科学,6,生体と薬物,3,3),薬物の適用と体内動態,,,,1,①,薬物の適用方法の種類と特徴を説明できる。,20230601-mxt_igaku-000029086_4.pdf,39
C-6-3)-②,C,生命科学,6,生体と薬物,3,3),薬物の適用と体内動態,,,,2,②,薬物動態（吸収、分布、代謝、排泄）について、加齢、病態による違いや薬物の相互作用による変化を含め、説明できる。,20230601-mxt_igaku-000029086_4.pdf,39
C-6-4)-①,C,生命科学,6,生体と薬物,4,4),薬物の副作用と有害作用,,,,1,①,薬物の一般的副作用と有害事象を説明できる。,20230601-mxt_igaku-000029086_4.pdf,39
C-6-4)-②,C,生命科学,6,生体と薬物,4,4),薬物の副作用と有害作用,,,,2,②,薬剤耐性(antimicrobial resistance <AMR>)に配慮した適切な抗菌薬使用を説明できる。,20230601-mxt_igaku-000029086_4.pdf,39
D-1-①,D,歯科医療機器（歯科材料・器械・器具）,1,歯科医療機器（歯科材料・器械・器具）の特性と用途,,,,,,,1,①,歯科医療機器（歯科材料・器械・器具）の所要性質と用途を説明できる。,20230601-mxt_igaku-000029086_4.pdf,40
D-1-②,D,歯科医療機器（歯科材料・器械・器具）,1,歯科医療機器（歯科材料・器械・器具）の特性と用途,,,,,,,2,②,材料の物理的（力学的性質と熱的性質を含む）、化学的（溶解性を含む）、生物学的（生体活性、副作用を含む）性質とその評価法を説明できる。,20230601-mxt_igaku-000029086_4.pdf,40
D-1-③,D,歯科医療機器（歯科材料・器械・器具）,1,歯科医療機器（歯科材料・器械・器具）の特性と用途,,,,,,,3,③,診療用器械・器具の構造と特性を説明できる。,20230601-mxt_igaku-000029086_4.pdf,40
D-2-①,D,歯科医療機器（歯科材料・器械・器具）,2,歯科材料の種類、用途、成分・組成、特性、操作方法,,,,,,,1,①,成形修復・予防塡塞用材料の種類、用途、成分・組成、特性、操作方法を説明できる。,20230601-mxt_igaku-000029086_4.pdf,40
D-2-②,D,歯科医療機器（歯科材料・器械・器具）,2,歯科材料の種類、用途、成分・組成、特性、操作方法,,,,,,,2,②,歯冠修復・義歯用材料の種類、用途、成分・組成、特性、操作方法を説明できる。,20230601-mxt_igaku-000029086_4.pdf,40
D-2-③,D,歯科医療機器（歯科材料・器械・器具）,2,歯科材料の種類、用途、成分・組成、特性、操作方法,,,,,,,3,③,接着・合着・仮着用材料の種類、用途、成分・組成、特性、操作方法を説明できる。,20230601-mxt_igaku-000029086_4.pdf,40
D-2-④,D,歯科医療機器（歯科材料・器械・器具）,2,歯科材料の種類、用途、成分・組成、特性、操作方法,,,,,,,4,④,歯科矯正用材料の種類、用途、成分・組成、特性、操作方法を説明できる。,20230601-mxt_igaku-000029086_4.pdf,40
D-2-⑤,D,歯科医療機器（歯科材料・器械・器具）,2,歯科材料の種類、用途、成分・組成、特性、操作方法,,,,,,,5,⑤,口腔インプラント・口腔外科・歯周治療用材料の種類、用途、成分・組成、特性、操作方法を説明できる。,20230601-mxt_igaku-000029086_4.pdf,40
D-2-⑥,D,歯科医療機器（歯科材料・器械・器具）,2,歯科材料の種類、用途、成分・組成、特性、操作方法,,,,,,,6,⑥,歯内療法用材料の種類、用途、成分・組成、特性、操作方法を説明できる。,20230601-mxt_igaku-000029086_4.pdf,40
E-1-1)-①,E,臨床歯学,1,診療の基本,1,1),診察の基本,,,,1,①,診察、検査及び診断に必要な事項を列挙できる。,20230601-mxt_igaku-000029086_4.pdf,41
E-1-1)-②,E,臨床歯学,1,診療の基本,1,1),診察の基本,,,,2,②,診察、検査及び診断に必要な器材を説明できる。,20230601-mxt_igaku-000029086_4.pdf,41
E-1-1)-③,E,臨床歯学,1,診療の基本,1,1),診察の基本,,,,3,③,病歴聴取（主訴、現病歴、既往歴、家族歴、生活歴、社会歴・職業歴等）を説明できる。,20230601-mxt_igaku-000029086_4.pdf,41
E-1-1)-④,E,臨床歯学,1,診療の基本,1,1),診察の基本,,,,4,④,現症の取り方（視診、触診、打診、聴診等）を説明できる。,20230601-mxt_igaku-000029086_4.pdf,41
E-1-1)-⑤,E,臨床歯学,1,診療の基本,1,1),診察の基本,,,,5,⑤,診療室における患者の心理と行動を説明できる。,20230601-mxt_igaku-000029086_4.pdf,41
E-1-1)-⑥,E,臨床歯学,1,診療の基本,1,1),診察の基本,,,,6,⑥,診断に必要な検査を列挙できる。,20230601-mxt_igaku-000029086_4.pdf,41
E-1-1)-⑦,E,臨床歯学,1,診療の基本,1,1),診察の基本,,,,7,⑦,問題志向型診療記録(problem-oriented medical record <POMR>)を説明できる。,20230601-mxt_igaku-000029086_4.pdf,41
E-1-1)-⑧,E,臨床歯学,1,診療の基本,1,1),診察の基本,,,,8,⑧,インフォームド・コンセントを説明できる。,20230601-mxt_igaku-000029086_4.pdf,41
E-1-1)-⑨,E,臨床歯学,1,診療の基本,1,1),診察の基本,,,,9,⑨,処方と処方箋の書き方を説明できる。,20230601-mxt_igaku-000029086_4.pdf,41
E-1-1)-⑩,E,臨床歯学,1,診療の基本,1,1),診察の基本,,,,10,⑩,技工指示書の書き方を説明できる。,20230601-mxt_igaku-000029086_4.pdf,41
E-1-2)-①,E,臨床歯学,1,診療の基本,2,2),画像検査を用いた診断,,,,1,①,放射線の種類、性質、測定法と単位を説明できる。,20230601-mxt_igaku-000029086_4.pdf,41
E-1-2)-②,E,臨床歯学,1,診療の基本,2,2),画像検査を用いた診断,,,,2,②,放射線の人体（胎児を含む）への影響の特徴（急性影響と晩発影響等）を説明できる。,20230601-mxt_igaku-000029086_4.pdf,41
E-1-2)-③,E,臨床歯学,1,診療の基本,2,2),画像検査を用いた診断,,,,3,③,放射線防護の基準と方法を説明できる。,20230601-mxt_igaku-000029086_4.pdf,41
E-1-2)-④,E,臨床歯学,1,診療の基本,2,2),画像検査を用いた診断,,,,4,④,エックス線画像の形成原理（画像不良の原因と含む）を説明できる。,20230601-mxt_igaku-000029086_4.pdf,41
E-1-2)-⑤,E,臨床歯学,1,診療の基本,2,2),画像検査を用いた診断,,,,5,⑤,エックス線撮影装置とその周辺機器の原理と管理技術を説明できる。,20230601-mxt_igaku-000029086_4.pdf,41
E-1-2)-⑥,E,臨床歯学,1,診療の基本,2,2),画像検査を用いた診断,,,,6,⑥,口内法エックス線検査の種類と適応及びパノラマエックス線検査の適応を説明できる。,20230601-mxt_igaku-000029086_4.pdf,41
E-1-2)-⑦,E,臨床歯学,1,診療の基本,2,2),画像検査を用いた診断,,,,7,⑦,口内法エックス線画像とパノラマエックス線画像の読影ができる。,20230601-mxt_igaku-000029086_4.pdf,41
E-1-2)-⑧,E,臨床歯学,1,診療の基本,2,2),画像検査を用いた診断,,,,8,⑧,顎顔面頭蓋部エックス線検査の種類及び適応を説明できる。,20230601-mxt_igaku-000029086_4.pdf,41
E-1-2)-⑨,E,臨床歯学,1,診療の基本,2,2),画像検査を用いた診断,,,,9,⑨,造影検査法、超音波検査法、コンピュータ断層撮影法(computed tomography <CT>)、歯科用コーンビームCT、磁気共鳴撮像法(magnetic resonance imaging <MRI>)及び核医学検査法の原理と基本的特徴を説明できる。,20230601-mxt_igaku-000029086_4.pdf,41
E-1-3)-①,E,臨床歯学,1,診療の基本,3,3),臨床検査,,,,1,①,臨床検査の目的と適応を説明できる。,20230601-mxt_igaku-000029086_4.pdf,42
E-1-3)-②,E,臨床歯学,1,診療の基本,3,3),臨床検査,,,,2,②,診断に必要な臨床検査項目を列挙できる。,20230601-mxt_igaku-000029086_4.pdf,42
E-1-3)-③,E,臨床歯学,1,診療の基本,3,3),臨床検査,,,,3,③,心電図検査及び動脈血酸素飽和度測定（パルスオキシメトリ）の目的と適応を列挙できる。,20230601-mxt_igaku-000029086_4.pdf,42
E-1-3)-④,E,臨床歯学,1,診療の基本,3,3),臨床検査,,,,4,④,各臓器における疾患に特有な検査項目を説明できる。,20230601-mxt_igaku-000029086_4.pdf,42
E-1-3)-⑤,E,臨床歯学,1,診療の基本,3,3),臨床検査,,,,5,⑤,臨床検査結果と疾患の関係を説明できる。,20230601-mxt_igaku-000029086_4.pdf,42
E-1-4)-(1)-①,E,臨床歯学,1,診療の基本,4,4),歯科医療に必要な麻酔と全身管理,1,(1),全身管理,1,①,バイタルサインの意義とそのモニタリングの方法を説明できる。,20230601-mxt_igaku-000029086_4.pdf,42
E-1-4)-(1)-②,E,臨床歯学,1,診療の基本,4,4),歯科医療に必要な麻酔と全身管理,1,(1),全身管理,2,②,血圧、脈拍数、呼吸数の測定方法と異常所見を説明できる。,20230601-mxt_igaku-000029086_4.pdf,42
E-1-4)-(1)-③,E,臨床歯学,1,診療の基本,4,4),歯科医療に必要な麻酔と全身管理,1,(1),全身管理,3,③,体温の測定方法を説明できる。,20230601-mxt_igaku-000029086_4.pdf,42
E-1-4)-(1)-④,E,臨床歯学,1,診療の基本,4,4),歯科医療に必要な麻酔と全身管理,1,(1),全身管理,4,④,意識状態の確認方法と異常所見を説明できる。,20230601-mxt_igaku-000029086_4.pdf,42
E-1-4)-(1)-⑤,E,臨床歯学,1,診療の基本,4,4),歯科医療に必要な麻酔と全身管理,1,(1),全身管理,5,⑤,患者の服用薬物の歯科治療への影響と歯科治療時の対応を説明できる。,20230601-mxt_igaku-000029086_4.pdf,42
E-1-4)-(1)-⑥,E,臨床歯学,1,診療の基本,4,4),歯科医療に必要な麻酔と全身管理,1,(1),全身管理,6,⑥,患者（小児、妊産婦、高齢者を含む）の全身状態の評価を説明できる。,20230601-mxt_igaku-000029086_4.pdf,42
E-1-4)-(2)-①,E,臨床歯学,1,診療の基本,4,4),歯科医療に必要な麻酔と全身管理,2,(2),精神鎮静法,1,①,精神鎮静法の特徴と目的及び種類を説明できる。,20230601-mxt_igaku-000029086_4.pdf,42
E-1-4)-(2)-②,E,臨床歯学,1,診療の基本,4,4),歯科医療に必要な麻酔と全身管理,2,(2),精神鎮静法,2,②,吸入鎮静法に使用する薬剤と適応、禁忌及び合併症を説明できる。,20230601-mxt_igaku-000029086_4.pdf,42
E-1-4)-(2)-③,E,臨床歯学,1,診療の基本,4,4),歯科医療に必要な麻酔と全身管理,2,(2),精神鎮静法,3,③,静脈内鎮静法に使用する薬剤と適応、禁忌及び合併症を説明できる。,20230601-mxt_igaku-000029086_4.pdf,42
E-1-4)-(2)-④,E,臨床歯学,1,診療の基本,4,4),歯科医療に必要な麻酔と全身管理,2,(2),精神鎮静法,4,④,精神鎮静法の周術期の管理を説明できる。,20230601-mxt_igaku-000029086_4.pdf,42
E-1-4)-(3)-①,E,臨床歯学,1,診療の基本,4,4),歯科医療に必要な麻酔と全身管理,3,(3),局所麻酔法,1,①,局所麻酔の特徴と目的及び種類を説明できる。,20230601-mxt_igaku-000029086_4.pdf,42
E-1-4)-(3)-②,E,臨床歯学,1,診療の基本,4,4),歯科医療に必要な麻酔と全身管理,3,(3),局所麻酔法,2,②,局所麻酔薬の分類と、その作用機序を説明できる。,20230601-mxt_igaku-000029086_4.pdf,42
E-1-4)-(3)-③,E,臨床歯学,1,診療の基本,4,4),歯科医療に必要な麻酔と全身管理,3,(3),局所麻酔法,3,③,局所麻酔作用に影響を及ぼす因子を説明できる。,20230601-mxt_igaku-000029086_4.pdf,42
E-1-4)-(3)-④,E,臨床歯学,1,診療の基本,4,4),歯科医療に必要な麻酔と全身管理,3,(3),局所麻酔法,4,④,血管収縮薬の使用目的と種類、特徴及び臨床使用上の注意を説明できる。,20230601-mxt_igaku-000029086_4.pdf,42
E-1-4)-(3)-⑤,E,臨床歯学,1,診療の基本,4,4),歯科医療に必要な麻酔と全身管理,3,(3),局所麻酔法,5,⑤,局所麻酔の実施法と合併症（偶発症）を説明できる。,20230601-mxt_igaku-000029086_4.pdf,42
E-1-4)-(4)-①,E,臨床歯学,1,診療の基本,4,4),歯科医療に必要な麻酔と全身管理,4,(4),全身麻酔法,1,①,全身麻酔の概念、種類並びに麻酔時の生体反応を説明できる。,20230601-mxt_igaku-000029086_4.pdf,42
E-1-4)-(4)-②,E,臨床歯学,1,診療の基本,4,4),歯科医療に必要な麻酔と全身管理,4,(4),全身麻酔法,2,②,全身麻酔時に使用する薬物とその基本的な薬理作用及び使用機器・器具を説明できる。,20230601-mxt_igaku-000029086_4.pdf,42
E-1-4)-(4)-③,E,臨床歯学,1,診療の基本,4,4),歯科医療に必要な麻酔と全身管理,4,(4),全身麻酔法,3,③,全身麻酔の適応と禁忌、合併症及び周術期の管理を説明できる。,20230601-mxt_igaku-000029086_4.pdf,42
E-1-5)-①,E,臨床歯学,1,診療の基本,5,5),小手術,,,,1,①,抜歯の適応症と禁忌症（相対的禁忌への対応及び小手術の適応症と禁忌を含む）を説明できる。,20230601-mxt_igaku-000029086_4.pdf,43
E-1-5)-②,E,臨床歯学,1,診療の基本,5,5),小手術,,,,2,②,小手術の合併症（偶発症）を説明できる。,20230601-mxt_igaku-000029086_4.pdf,43
E-1-5)-③,E,臨床歯学,1,診療の基本,5,5),小手術,,,,3,③,小手術に必要な器具の用法と基本手技を説明できる。,20230601-mxt_igaku-000029086_4.pdf,43
E-1-5)-④,E,臨床歯学,1,診療の基本,5,5),小手術,,,,4,④,粘膜の切開、剥離に必要な器具の用法を説明できる。,20230601-mxt_igaku-000029086_4.pdf,43
E-1-5)-⑤,E,臨床歯学,1,診療の基本,5,5),小手術,,,,5,⑤,縫合と止血に必要な器具の用法を説明できる。,20230601-mxt_igaku-000029086_4.pdf,43
E-1-5)-⑥,E,臨床歯学,1,診療の基本,5,5),小手術,,,,6,⑥,手指と術野の消毒法を説明できる。,20230601-mxt_igaku-000029086_4.pdf,43
E-1-5)-⑦,E,臨床歯学,1,診療の基本,5,5),小手術,,,,7,⑦,清潔と不潔の区別を説明できる。,20230601-mxt_igaku-000029086_4.pdf,43
E-1-5)-⑧,E,臨床歯学,1,診療の基本,5,5),小手術,,,,8,⑧,器具の消毒・滅菌法を説明できる。,20230601-mxt_igaku-000029086_4.pdf,43
E-1-5)-⑨,E,臨床歯学,1,診療の基本,5,5),小手術,,,,9,⑨,埋伏歯（智歯を含む）の抜去法を説明できる。,20230601-mxt_igaku-000029086_4.pdf,43
E-1-5)-⑩,E,臨床歯学,1,診療の基本,5,5),小手術,,,,10,⑩,周術期の管理の目的と意義を説明できる。,20230601-mxt_igaku-000029086_4.pdf,43
E-1-6)-①,E,臨床歯学,1,診療の基本,6,6),救急処置,,,,1,①,歯科治療時の全身的偶発症を説明できる。,20230601-mxt_igaku-000029086_4.pdf,43
E-1-6)-②,E,臨床歯学,1,診療の基本,6,6),救急処置,,,,2,②,一次救命処置(basic life support <BLS>)を説明できる。,20230601-mxt_igaku-000029086_4.pdf,43
E-1-6)-③,E,臨床歯学,1,診療の基本,6,6),救急処置,,,,3,③,救急処置に用いられる薬物を列挙し、その作用機序と適応を説明できる。,20230601-mxt_igaku-000029086_4.pdf,43
E-2-1)-①,E,臨床歯学,2,口腔・顎顔面領域の常態と疾患,1,1),頭頸部の基本構造と機能,,,,1,①,頭頸部の体表と内臓の区分と特徴を説明できる。,20230601-mxt_igaku-000029086_4.pdf,43
E-2-1)-②,E,臨床歯学,2,口腔・顎顔面領域の常態と疾患,1,1),頭頸部の基本構造と機能,,,,2,②,頭蓋骨の構成と構造を説明できる。,20230601-mxt_igaku-000029086_4.pdf,43
E-2-1)-③,E,臨床歯学,2,口腔・顎顔面領域の常態と疾患,1,1),頭頸部の基本構造と機能,,,,3,③,咀嚼筋、表情筋及び前頸筋の構成と機能を説明できる。,20230601-mxt_igaku-000029086_4.pdf,43
E-2-1)-④,E,臨床歯学,2,口腔・顎顔面領域の常態と疾患,1,1),頭頸部の基本構造と機能,,,,4,④,頭頸部の脈管系を説明できる。,20230601-mxt_igaku-000029086_4.pdf,43
E-2-1)-⑤,E,臨床歯学,2,口腔・顎顔面領域の常態と疾患,1,1),頭頸部の基本構造と機能,,,,5,⑤,脳神経の走行、分布及び線維構成を説明できる。,20230601-mxt_igaku-000029086_4.pdf,43
E-2-1)-⑥,E,臨床歯学,2,口腔・顎顔面領域の常態と疾患,1,1),頭頸部の基本構造と機能,,,,6,⑥,顎関節の構造と機能を説明できる。,20230601-mxt_igaku-000029086_4.pdf,43
E-2-1)-⑦,E,臨床歯学,2,口腔・顎顔面領域の常態と疾患,1,1),頭頸部の基本構造と機能,,,,7,⑦,下顎の随意運動と反射を説明できる。,20230601-mxt_igaku-000029086_4.pdf,43
E-2-1)-⑧,E,臨床歯学,2,口腔・顎顔面領域の常態と疾患,1,1),頭頸部の基本構造と機能,,,,8,⑧,咀嚼の意義と制御機構を説明できる。,20230601-mxt_igaku-000029086_4.pdf,44
E-2-1)-⑨,E,臨床歯学,2,口腔・顎顔面領域の常態と疾患,1,1),頭頸部の基本構造と機能,,,,9,⑨,嚥下の意義と制御機構を説明できる。,20230601-mxt_igaku-000029086_4.pdf,44
E-2-1)-⑩,E,臨床歯学,2,口腔・顎顔面領域の常態と疾患,1,1),頭頸部の基本構造と機能,,,,10,⑩,嘔吐反射と絞扼反射を説明できる。,20230601-mxt_igaku-000029086_4.pdf,44
E-2-1)-⑪,E,臨床歯学,2,口腔・顎顔面領域の常態と疾患,1,1),頭頸部の基本構造と機能,,,,11,⑪,咽頭と喉頭の構造と機能を説明できる。,20230601-mxt_igaku-000029086_4.pdf,44
E-2-1)-⑫,E,臨床歯学,2,口腔・顎顔面領域の常態と疾患,1,1),頭頸部の基本構造と機能,,,,12,⑫,扁桃の構造、分布及び機能を説明できる。,20230601-mxt_igaku-000029086_4.pdf,44
E-2-2)-①,E,臨床歯学,2,口腔・顎顔面領域の常態と疾患,2,2),口腔領域の構造と機能,,,,1,①,口腔の区分と構成要素を説明できる。,20230601-mxt_igaku-000029086_4.pdf,44
E-2-2)-②,E,臨床歯学,2,口腔・顎顔面領域の常態と疾患,2,2),口腔領域の構造と機能,,,,2,②,口唇と口腔粘膜の分類と特徴を説明できる。,20230601-mxt_igaku-000029086_4.pdf,44
E-2-2)-③,E,臨床歯学,2,口腔・顎顔面領域の常態と疾患,2,2),口腔領域の構造と機能,,,,3,③,舌の構造と機能を説明できる。,20230601-mxt_igaku-000029086_4.pdf,44
E-2-2)-④,E,臨床歯学,2,口腔・顎顔面領域の常態と疾患,2,2),口腔領域の構造と機能,,,,4,④,歯列と咬合を説明できる。,20230601-mxt_igaku-000029086_4.pdf,44
E-2-2)-⑤,E,臨床歯学,2,口腔・顎顔面領域の常態と疾患,2,2),口腔領域の構造と機能,,,,5,⑤,唾液の性状、構成成分及び機能を説明できる。,20230601-mxt_igaku-000029086_4.pdf,44
E-2-2)-⑥,E,臨床歯学,2,口腔・顎顔面領域の常態と疾患,2,2),口腔領域の構造と機能,,,,6,⑥,唾液腺の構造、機能及び分泌調節機序を説明できる。,20230601-mxt_igaku-000029086_4.pdf,44
E-2-2)-⑦,E,臨床歯学,2,口腔・顎顔面領域の常態と疾患,2,2),口腔領域の構造と機能,,,,7,⑦,上顎洞の構造、機能及び口腔との関係を説明できる。,20230601-mxt_igaku-000029086_4.pdf,44
E-2-2)-⑧,E,臨床歯学,2,口腔・顎顔面領域の常態と疾患,2,2),口腔領域の構造と機能,,,,8,⑧,構音器官としての口腔の形態と機能を説明できる。,20230601-mxt_igaku-000029086_4.pdf,44
E-2-2)-⑨,E,臨床歯学,2,口腔・顎顔面領域の常態と疾患,2,2),口腔領域の構造と機能,,,,9,⑨,口腔・顎顔面領域の体性感覚の特徴と疼痛を説明できる。,20230601-mxt_igaku-000029086_4.pdf,44
E-2-2)-⑩,E,臨床歯学,2,口腔・顎顔面領域の常態と疾患,2,2),口腔領域の構造と機能,,,,10,⑩,味覚器の構造と分布、味覚の受容と伝達機構を説明できる。,20230601-mxt_igaku-000029086_4.pdf,44
E-2-3)-①,E,臨床歯学,2,口腔・顎顔面領域の常態と疾患,3,3),口腔・顎顔面領域の発生と加齢変化,,,,1,①,口腔・顎顔面領域の発生を説明できる。,20230601-mxt_igaku-000029086_4.pdf,44
E-2-3)-②,E,臨床歯学,2,口腔・顎顔面領域の常態と疾患,3,3),口腔・顎顔面領域の発生と加齢変化,,,,2,②,口腔・顎顔面領域の成長・発育を説明できる。,20230601-mxt_igaku-000029086_4.pdf,44
E-2-3)-③,E,臨床歯学,2,口腔・顎顔面領域の常態と疾患,3,3),口腔・顎顔面領域の発生と加齢変化,,,,3,③,口腔・顎顔面の成長・発育異常及び不正咬合へ及ぼす影響を説明できる。,20230601-mxt_igaku-000029086_4.pdf,44
E-2-3)-④,E,臨床歯学,2,口腔・顎顔面領域の常態と疾患,3,3),口腔・顎顔面領域の発生と加齢変化,,,,4,④,口腔・顎顔面領域の老化と歯の喪失に伴う変化を説明できる。,20230601-mxt_igaku-000029086_4.pdf,44
E-2-4)-(1)-①,E,臨床歯学,2,口腔・顎顔面領域の常態と疾患,4,4),口腔・顎顔面領域の疾患,1,(1),先天異常及び後天異常,1,①,口腔・頭蓋・顎顔面に症状を示す先天異常を説明できる。,20230601-mxt_igaku-000029086_4.pdf,44
E-2-4)-(1)-②,E,臨床歯学,2,口腔・顎顔面領域の常態と疾患,4,4),口腔・顎顔面領域の疾患,1,(1),先天異常及び後天異常,2,②,口唇裂・口蓋裂の病態と治療方針を説明できる。,20230601-mxt_igaku-000029086_4.pdf,45
E-2-4)-(1)-③,E,臨床歯学,2,口腔・顎顔面領域の常態と疾患,4,4),口腔・顎顔面領域の疾患,1,(1),先天異常及び後天異常,3,③,顎変形症の病態と治療法を説明できる。,20230601-mxt_igaku-000029086_4.pdf,45
E-2-4)-(1)-④,E,臨床歯学,2,口腔・顎顔面領域の常態と疾患,4,4),口腔・顎顔面領域の疾患,1,(1),先天異常及び後天異常,4,④,軟組織の異常を説明できる。,20230601-mxt_igaku-000029086_4.pdf,45
E-2-4)-(2)-①,E,臨床歯学,2,口腔・顎顔面領域の常態と疾患,4,4),口腔・顎顔面領域の疾患,2,(2),外傷,1,①,外傷の種類、特徴及び治癒過程を説明できる。,20230601-mxt_igaku-000029086_4.pdf,45
E-2-4)-(2)-②,E,臨床歯学,2,口腔・顎顔面領域の常態と疾患,4,4),口腔・顎顔面領域の疾患,2,(2),外傷,2,②,外傷の治療方針（治療の優先順位）を説明できる。,20230601-mxt_igaku-000029086_4.pdf,45
E-2-4)-(2)-③,E,臨床歯学,2,口腔・顎顔面領域の常態と疾患,4,4),口腔・顎顔面領域の疾患,2,(2),外傷,3,③,歯の外傷と歯槽骨骨折の原因、種類、症状、診断法及び治療法を説明できる。,20230601-mxt_igaku-000029086_4.pdf,45
E-2-4)-(2)-④,E,臨床歯学,2,口腔・顎顔面領域の常態と疾患,4,4),口腔・顎顔面領域の疾患,2,(2),外傷,4,④,顎顔面骨折の原因、種類、症状、診断法及び治療法を説明できる。,20230601-mxt_igaku-000029086_4.pdf,45
E-2-4)-(2)-⑤,E,臨床歯学,2,口腔・顎顔面領域の常態と疾患,4,4),口腔・顎顔面領域の疾患,2,(2),外傷,5,⑤,軟組織損傷の分類、症状及び処置法を説明できる。,20230601-mxt_igaku-000029086_4.pdf,45
E-2-4)-(3)-①,E,臨床歯学,2,口腔・顎顔面領域の常態と疾患,4,4),口腔・顎顔面領域の疾患,3,(3),炎症,1,①,歯性感染症の原因菌と感染経路を説明できる。,20230601-mxt_igaku-000029086_4.pdf,45
E-2-4)-(3)-②,E,臨床歯学,2,口腔・顎顔面領域の常態と疾患,4,4),口腔・顎顔面領域の疾患,3,(3),炎症,2,②,急性炎症と慢性炎症の異同を説明できる。,20230601-mxt_igaku-000029086_4.pdf,45
E-2-4)-(3)-③,E,臨床歯学,2,口腔・顎顔面領域の常態と疾患,4,4),口腔・顎顔面領域の疾患,3,(3),炎症,3,③,炎症の診断に必要な検査法を説明できる。,20230601-mxt_igaku-000029086_4.pdf,45
E-2-4)-(3)-④,E,臨床歯学,2,口腔・顎顔面領域の常態と疾患,4,4),口腔・顎顔面領域の疾患,3,(3),炎症,4,④,菌血症と歯性病巣感染の病態、症状、検査法及び治療法を説明できる。,20230601-mxt_igaku-000029086_4.pdf,45
E-2-4)-(3)-⑤,E,臨床歯学,2,口腔・顎顔面領域の常態と疾患,4,4),口腔・顎顔面領域の疾患,3,(3),炎症,5,⑤,消炎療法の意義と特徴を説明できる。,20230601-mxt_igaku-000029086_4.pdf,45
E-2-4)-(3)-⑥,E,臨床歯学,2,口腔・顎顔面領域の常態と疾患,4,4),口腔・顎顔面領域の疾患,3,(3),炎症,6,⑥,主な炎症（舌炎、口唇炎、口底炎、智歯周囲炎、歯槽骨炎、顎骨炎、顎骨骨膜炎、顎骨周囲炎、下顎骨骨髄炎、蜂窩織炎、歯性上顎洞炎等）の症状と治療法を説明できる。,20230601-mxt_igaku-000029086_4.pdf,45
E-2-4)-(3)-⑦,E,臨床歯学,2,口腔・顎顔面領域の常態と疾患,4,4),口腔・顎顔面領域の疾患,3,(3),炎症,7,⑦,口腔・顎顔面領域の肉芽腫性炎の種類と特徴を説明できる。,20230601-mxt_igaku-000029086_4.pdf,45
E-2-4)-(4)-①,E,臨床歯学,2,口腔・顎顔面領域の常態と疾患,4,4),口腔・顎顔面領域の疾患,4,(4),口腔粘膜疾患,1,①,口腔粘膜疾患の種類と特徴を説明できる。,20230601-mxt_igaku-000029086_4.pdf,45
E-2-4)-(4)-②,E,臨床歯学,2,口腔・顎顔面領域の常態と疾患,4,4),口腔・顎顔面領域の疾患,4,(4),口腔粘膜疾患,2,②,水疱、紅斑、びらん、潰瘍、白斑、色素沈着等を主徴とする口腔粘膜疾患の症状と治療法を説明できる。,20230601-mxt_igaku-000029086_4.pdf,45
E-2-4)-(5)-①,E,臨床歯学,2,口腔・顎顔面領域の常態と疾患,4,4),口腔・顎顔面領域の疾患,5,(5),嚢胞,1,①,口腔・顎顔面領域に発生する嚢胞の種類と特徴を説明できる。,20230601-mxt_igaku-000029086_4.pdf,45
E-2-4)-(5)-②,E,臨床歯学,2,口腔・顎顔面領域の常態と疾患,4,4),口腔・顎顔面領域の疾患,5,(5),嚢胞,2,②,口腔・顎顔面領域に発生する嚢胞の症状、診断法及び治療法を説明できる。,20230601-mxt_igaku-000029086_4.pdf,45
E-2-4)-(6)-①,E,臨床歯学,2,口腔・顎顔面領域の常態と疾患,4,4),口腔・顎顔面領域の疾患,6,(6),腫瘍及び腫瘍類似疾患,1,①,口腔・顎顔面領域に発生する腫瘍の種類と特徴を説明できる。,20230601-mxt_igaku-000029086_4.pdf,45
E-2-4)-(6)-②,E,臨床歯学,2,口腔・顎顔面領域の常態と疾患,4,4),口腔・顎顔面領域の疾患,6,(6),腫瘍及び腫瘍類似疾患,2,②,口腔・顎顔面領域に発生する良性腫瘍の一般的な症状、診断法（細胞診、組織診、画像診断）及び治療法を説明できる。,20230601-mxt_igaku-000029086_4.pdf,45
E-2-4)-(6)-③,E,臨床歯学,2,口腔・顎顔面領域の常態と疾患,4,4),口腔・顎顔面領域の疾患,6,(6),腫瘍及び腫瘍類似疾患,3,③,口腔・顎顔面領域の悪性腫瘍の一般的な症状、診断法（細胞診、組織診、画像診断）及び治療法を説明できる。,20230601-mxt_igaku-000029086_4.pdf,45
E-2-4)-(6)-④,E,臨床歯学,2,口腔・顎顔面領域の常態と疾患,4,4),口腔・顎顔面領域の疾患,6,(6),腫瘍及び腫瘍類似疾患,4,④,腫瘍類似疾患の種類と特徴を説明できる。,20230601-mxt_igaku-000029086_4.pdf,45
E-2-4)-(6)-⑤,E,臨床歯学,2,口腔・顎顔面領域の常態と疾患,4,4),口腔・顎顔面領域の疾患,6,(6),腫瘍及び腫瘍類似疾患,5,⑤,前癌病変の特徴、症状及び治療法を説明できる。,20230601-mxt_igaku-000029086_4.pdf,45
E-2-4)-(6)-⑥,E,臨床歯学,2,口腔・顎顔面領域の常態と疾患,4,4),口腔・顎顔面領域の疾患,6,(6),腫瘍及び腫瘍類似疾患,6,⑥,前癌状態の種類と特徴を列挙できる。,20230601-mxt_igaku-000029086_4.pdf,45
E-2-4)-(7)-①,E,臨床歯学,2,口腔・顎顔面領域の常態と疾患,4,4),口腔・顎顔面領域の疾患,7,(7),顎関節疾患,1,①,顎関節疾患の種類と特徴を説明できる。,20230601-mxt_igaku-000029086_4.pdf,46
E-2-4)-(7)-②,E,臨床歯学,2,口腔・顎顔面領域の常態と疾患,4,4),口腔・顎顔面領域の疾患,7,(7),顎関節疾患,2,②,顎関節疾患（発育異常、外傷、炎症、退行性顎関節疾患、顎関節症、顎関節強直症、腫瘍及び腫瘍類似疾患）の症状、診断法及び治療法を説明できる。,20230601-mxt_igaku-000029086_4.pdf,46
E-2-4)-(8)-①,E,臨床歯学,2,口腔・顎顔面領域の常態と疾患,4,4),口腔・顎顔面領域の疾患,8,(8),唾液腺疾患,1,①,唾液腺の発育異常を概説できる。,20230601-mxt_igaku-000029086_4.pdf,46
E-2-4)-(8)-②,E,臨床歯学,2,口腔・顎顔面領域の常態と疾患,4,4),口腔・顎顔面領域の疾患,8,(8),唾液腺疾患,2,②,唾石症の特徴、症状、診断法及び治療法を説明できる。,20230601-mxt_igaku-000029086_4.pdf,46
E-2-4)-(8)-③,E,臨床歯学,2,口腔・顎顔面領域の常態と疾患,4,4),口腔・顎顔面領域の疾患,8,(8),唾液腺疾患,3,③,唾液腺炎の種類、特徴、症状、診断法及び治療法を説明できる。,20230601-mxt_igaku-000029086_4.pdf,46
E-2-4)-(8)-④,E,臨床歯学,2,口腔・顎顔面領域の常態と疾患,4,4),口腔・顎顔面領域の疾患,8,(8),唾液腺疾患,4,④,唾液腺腫瘍の種類、特徴、症状、診断法及び治療法を説明できる。,20230601-mxt_igaku-000029086_4.pdf,46
E-2-4)-(8)-⑤,E,臨床歯学,2,口腔・顎顔面領域の常態と疾患,4,4),口腔・顎顔面領域の疾患,8,(8),唾液腺疾患,5,⑤,腫瘍類似疾患を概説できる。,20230601-mxt_igaku-000029086_4.pdf,46
E-2-4)-(8)-⑥,E,臨床歯学,2,口腔・顎顔面領域の常態と疾患,4,4),口腔・顎顔面領域の疾患,8,(8),唾液腺疾患,6,⑥,ウイルス性唾液腺炎の特徴、症状、診断法及び治療を説明できる。,20230601-mxt_igaku-000029086_4.pdf,46
E-2-4)-(8)-⑦,E,臨床歯学,2,口腔・顎顔面領域の常態と疾患,4,4),口腔・顎顔面領域の疾患,8,(8),唾液腺疾患,7,⑦,Sjögren症候群の特徴、症状、診断法及び治療法を説明できる。,20230601-mxt_igaku-000029086_4.pdf,46
E-2-4)-(9)-①,E,臨床歯学,2,口腔・顎顔面領域の常態と疾患,4,4),口腔・顎顔面領域の疾患,9,(9),神経疾患,1,①,口腔顔面痛を説明できる。,20230601-mxt_igaku-000029086_4.pdf,46
E-2-4)-(9)-②,E,臨床歯学,2,口腔・顎顔面領域の常態と疾患,4,4),口腔・顎顔面領域の疾患,9,(9),神経疾患,2,②,三叉神経痛の原因、症状及び治療法を説明できる。,20230601-mxt_igaku-000029086_4.pdf,46
E-2-4)-(9)-③,E,臨床歯学,2,口腔・顎顔面領域の常態と疾患,4,4),口腔・顎顔面領域の疾患,9,(9),神経疾患,3,③,顔面神経麻痺の原因、症状及び治療法を説明できる。,20230601-mxt_igaku-000029086_4.pdf,46
E-2-4)-(9)-④,E,臨床歯学,2,口腔・顎顔面領域の常態と疾患,4,4),口腔・顎顔面領域の疾患,9,(9),神経疾患,4,④,三叉神経麻痺（感覚麻痺、運動麻痺）の原因、症状及び治療法を説明できる。,20230601-mxt_igaku-000029086_4.pdf,46
E-2-4)-(10)-①,E,臨床歯学,2,口腔・顎顔面領域の常態と疾患,4,4),口腔・顎顔面領域の疾患,10,(10),口腔・顎顔面領域に症状を現す疾患,1,①,口腔・顎顔面領域に症状を現す血液疾患（貧血、出血性素因、白血病）とスクリーニング検査法を説明できる。,20230601-mxt_igaku-000029086_4.pdf,46
E-2-4)-(10)-②,E,臨床歯学,2,口腔・顎顔面領域の常態と疾患,4,4),口腔・顎顔面領域の疾患,10,(10),口腔・顎顔面領域に症状を現す疾患,2,②,口腔・顎顔面領域に症状を現す感染症の種類と症状を列挙できる。,20230601-mxt_igaku-000029086_4.pdf,46
E-2-4)-(10)-③,E,臨床歯学,2,口腔・顎顔面領域の常態と疾患,4,4),口腔・顎顔面領域の疾患,10,(10),口腔・顎顔面領域に症状を現す疾患,3,③,口腔・顎顔面領域に症状を現すアレルギー性疾患、膠原病、免疫異常の症状を列挙できる。,20230601-mxt_igaku-000029086_4.pdf,46
E-2-4)-(10)-④,E,臨床歯学,2,口腔・顎顔面領域の常態と疾患,4,4),口腔・顎顔面領域の疾患,10,(10),口腔・顎顔面領域に症状を現す疾患,4,④,口腔・顎顔面領域に症状を現す全身的な腫瘍と腫瘍類似疾患及びその症状を列挙できる。,20230601-mxt_igaku-000029086_4.pdf,46
E-2-4)-(10)-⑤,E,臨床歯学,2,口腔・顎顔面領域の常態と疾患,4,4),口腔・顎顔面領域の疾患,10,(10),口腔・顎顔面領域に症状を現す疾患,5,⑤,口腔・顎顔面領域に症状を現す症候群の種類と症状を列挙できる。,20230601-mxt_igaku-000029086_4.pdf,46
E-2-4)-(10)-⑥,E,臨床歯学,2,口腔・顎顔面領域の常態と疾患,4,4),口腔・顎顔面領域の疾患,10,(10),口腔・顎顔面領域に症状を現す疾患,6,⑥,口腔・顎顔面領域に症状を現す系統的骨疾患の症状、診断及び治療法を列挙できる。,20230601-mxt_igaku-000029086_4.pdf,46
E-2-4)-(10)-⑦,E,臨床歯学,2,口腔・顎顔面領域の常態と疾患,4,4),口腔・顎顔面領域の疾患,10,(10),口腔・顎顔面領域に症状を現す疾患,7,⑦,口腔・顎顔面領域に症状を現す薬物の副作用を列挙できる。,20230601-mxt_igaku-000029086_4.pdf,46
E-2-4)-(10)-⑧,E,臨床歯学,2,口腔・顎顔面領域の常態と疾患,4,4),口腔・顎顔面領域の疾患,10,(10),口腔・顎顔面領域に症状を現す疾患,8,⑧,口腔・顎顔面領域に症状を現す代謝障害とその症状を列挙できる。,20230601-mxt_igaku-000029086_4.pdf,46
E-2-4)-(10)-⑨,E,臨床歯学,2,口腔・顎顔面領域の常態と疾患,4,4),口腔・顎顔面領域の疾患,10,(10),口腔・顎顔面領域に症状を現す疾患,9,⑨,口腔・顎顔面領域に症状を現すビタミン欠乏症とその症状を列挙できる。,20230601-mxt_igaku-000029086_4.pdf,46
E-2-4)-(10)-⑩,E,臨床歯学,2,口腔・顎顔面領域の常態と疾患,4,4),口腔・顎顔面領域の疾患,10,(10),口腔・顎顔面領域に症状を現す疾患,10,⑩,ヒト免疫不全ウイルス(human immunodeficiency virus <HIV>)感染症と後天性免疫不全症候群(acquired immune deficiency syndrome <AIDS>)の口腔症状と検査法を説明できる。,20230601-mxt_igaku-000029086_4.pdf,46
E-2-4)-(10)-⑪,E,臨床歯学,2,口腔・顎顔面領域の常態と疾患,4,4),口腔・顎顔面領域の疾患,10,(10),口腔・顎顔面領域に症状を現す疾患,11,⑪,口腔・顎顔面領域の慢性の痛みの原因、症状及び治療法を説明できる。,20230601-mxt_igaku-000029086_4.pdf,46
E-2-4)-(11)-①,E,臨床歯学,2,口腔・顎顔面領域の常態と疾患,4,4),口腔・顎顔面領域の疾患,11,(11),口腔・顎顔面領域の機能障害,1,①,咬合異常による障害と咀嚼障害の原因、診察、検査、診断及び治療方針を説明できる。,20230601-mxt_igaku-000029086_4.pdf,46
E-2-4)-(11)-②,E,臨床歯学,2,口腔・顎顔面領域の常態と疾患,4,4),口腔・顎顔面領域の疾患,11,(11),口腔・顎顔面領域の機能障害,2,②,摂食嚥下障害の原因、診察、検査、診断及び治療方針を説明できる。,20230601-mxt_igaku-000029086_4.pdf,46
E-2-4)-(11)-③,E,臨床歯学,2,口腔・顎顔面領域の常態と疾患,4,4),口腔・顎顔面領域の疾患,11,(11),口腔・顎顔面領域の機能障害,3,③,発音・構音・発語障害の原因、診察、検査、診断及び治療方針を説明できる。,20230601-mxt_igaku-000029086_4.pdf,46
E-2-4)-(11)-④,E,臨床歯学,2,口腔・顎顔面領域の常態と疾患,4,4),口腔・顎顔面領域の疾患,11,(11),口腔・顎顔面領域の機能障害,4,④,味覚異常の原因、診察、検査、診断及び治療方針を説明できる。,20230601-mxt_igaku-000029086_4.pdf,46
E-2-4)-(11)-⑤,E,臨床歯学,2,口腔・顎顔面領域の常態と疾患,4,4),口腔・顎顔面領域の疾患,11,(11),口腔・顎顔面領域の機能障害,5,⑤,口腔乾燥の原因、診察、検査、診断及び治療方針を説明できる。,20230601-mxt_igaku-000029086_4.pdf,47
E-2-4)-(11)-⑥,E,臨床歯学,2,口腔・顎顔面領域の常態と疾患,4,4),口腔・顎顔面領域の疾患,11,(11),口腔・顎顔面領域の機能障害,6,⑥,睡眠時無呼吸の原因、診察、検査、診断及び治療方針を概説できる。,20230601-mxt_igaku-000029086_4.pdf,47
E-3-1)-①,E,臨床歯学,3,歯と歯周組織の常態と疾患,1,1),歯と歯周組織の発生及び構造と機能,,,,1,①,歯の発生、発育及び交換の過程と変化を説明できる。,20230601-mxt_igaku-000029086_4.pdf,47
E-3-1)-②,E,臨床歯学,3,歯と歯周組織の常態と疾患,1,1),歯と歯周組織の発生及び構造と機能,,,,2,②,歯種別の形態と特徴を説明できる。,20230601-mxt_igaku-000029086_4.pdf,47
E-3-1)-③,E,臨床歯学,3,歯と歯周組織の常態と疾患,1,1),歯と歯周組織の発生及び構造と機能,,,,3,③,遺伝的な歯の形成異常を説明できる。,20230601-mxt_igaku-000029086_4.pdf,47
E-3-1)-④,E,臨床歯学,3,歯と歯周組織の常態と疾患,1,1),歯と歯周組織の発生及び構造と機能,,,,4,④,歯（乳歯、根未完成歯、幼若永久歯を含む）の硬組織の構造、機能及び構成成分を説明できる。,20230601-mxt_igaku-000029086_4.pdf,47
E-3-1)-⑤,E,臨床歯学,3,歯と歯周組織の常態と疾患,1,1),歯と歯周組織の発生及び構造と機能,,,,5,⑤,歯髄の構造と機能を説明できる。,20230601-mxt_igaku-000029086_4.pdf,47
E-3-1)-⑥,E,臨床歯学,3,歯と歯周組織の常態と疾患,1,1),歯と歯周組織の発生及び構造と機能,,,,6,⑥,歯周組織の発生、構造及び機能を説明できる。,20230601-mxt_igaku-000029086_4.pdf,47
E-3-2)-①,E,臨床歯学,3,歯と歯周組織の常態と疾患,2,2),歯と歯周組織の疾患の特徴と病因,,,,1,①,歯の硬組織疾患（tooth wear（酸蝕症、咬耗、摩耗等）、歯の変色、象牙質知覚過敏症を含む）の病因と病態を説明できる。,20230601-mxt_igaku-000029086_4.pdf,47
E-3-2)-②,E,臨床歯学,3,歯と歯周組織の常態と疾患,2,2),歯と歯周組織の疾患の特徴と病因,,,,2,②,歯髄・根尖性歯周疾患の病因と病態を説明できる。,20230601-mxt_igaku-000029086_4.pdf,47
E-3-2)-③,E,臨床歯学,3,歯と歯周組織の常態と疾患,2,2),歯と歯周組織の疾患の特徴と病因,,,,3,③,歯周疾患の病因と病態を説明できる。,20230601-mxt_igaku-000029086_4.pdf,47
E-3-2)-④,E,臨床歯学,3,歯と歯周組織の常態と疾患,2,2),歯と歯周組織の疾患の特徴と病因,,,,4,④,口腔細菌、プラーク（口腔バイオフィルム）及び歯石を説明できる。,20230601-mxt_igaku-000029086_4.pdf,47
E-3-2)-⑤,E,臨床歯学,3,歯と歯周組織の常態と疾患,2,2),歯と歯周組織の疾患の特徴と病因,,,,5,⑤,歯痛の機序を説明できる。,20230601-mxt_igaku-000029086_4.pdf,47
E-3-3)-(1)-①,E,臨床歯学,3,歯と歯周組織の常態と疾患,3,3),歯と歯周組織の疾患の診断と治療,1,(1),齲蝕その他の歯の硬組織疾患の診断と治療,1,①,齲蝕その他の歯の硬組織疾患（tooth wear（酸蝕症、咬耗、摩耗等）、生活歯の変色、象牙質知覚過敏症を含む）の症状、検査法、診断及び処置法（再石灰化療法を含む）を説明できる。,20230601-mxt_igaku-000029086_4.pdf,47
E-3-3)-(1)-②,E,臨床歯学,3,歯と歯周組織の常態と疾患,3,3),歯と歯周組織の疾患の診断と治療,1,(1),齲蝕その他の歯の硬組織疾患の診断と治療,2,②,minimal intervention <MI>に基づく歯科治療の意義、臨床的対応を説明できる。,20230601-mxt_igaku-000029086_4.pdf,47
E-3-3)-(1)-③,E,臨床歯学,3,歯と歯周組織の常態と疾患,3,3),歯と歯周組織の疾患の診断と治療,1,(1),齲蝕その他の歯の硬組織疾患の診断と治療,3,③,修復材料とその取扱い、修復法の適応を説明できる。,20230601-mxt_igaku-000029086_4.pdf,47
E-3-3)-(1)-④,E,臨床歯学,3,歯と歯周組織の常態と疾患,3,3),歯と歯周組織の疾患の診断と治療,1,(1),齲蝕その他の歯の硬組織疾患の診断と治療,4,④,修復に必要な前処置の目的と意義を説明できる。,20230601-mxt_igaku-000029086_4.pdf,48
E-3-3)-(1)-⑤,E,臨床歯学,3,歯と歯周組織の常態と疾患,3,3),歯と歯周組織の疾患の診断と治療,1,(1),齲蝕その他の歯の硬組織疾患の診断と治療,5,⑤,歯髄保護の意義、種類と方法を説明できる。,20230601-mxt_igaku-000029086_4.pdf,48
E-3-3)-(1)-⑥,E,臨床歯学,3,歯と歯周組織の常態と疾患,3,3),歯と歯周組織の疾患の診断と治療,1,(1),齲蝕その他の歯の硬組織疾患の診断と治療,6,⑥,窩洞形成の意義と方法を説明できる。,20230601-mxt_igaku-000029086_4.pdf,48
E-3-3)-(1)-⑦,E,臨床歯学,3,歯と歯周組織の常態と疾患,3,3),歯と歯周組織の疾患の診断と治療,1,(1),齲蝕その他の歯の硬組織疾患の診断と治療,7,⑦,仮封の意義、種類及び特徴を説明できる。,20230601-mxt_igaku-000029086_4.pdf,48
E-3-3)-(1)-⑧,E,臨床歯学,3,歯と歯周組織の常態と疾患,3,3),歯と歯周組織の疾患の診断と治療,1,(1),齲蝕その他の歯の硬組織疾患の診断と治療,8,⑧,修復後の管理の目的と方法を説明できる。,20230601-mxt_igaku-000029086_4.pdf,48
E-3-3)-(2)-①,E,臨床歯学,3,歯と歯周組織の常態と疾患,3,3),歯と歯周組織の疾患の診断と治療,2,(2),歯髄・根尖性歯周疾患の診断と治療,1,①,歯髄・根尖性歯周疾患の症状、検査法、診断及び治療法（直接覆髄法を含む）を説明できる（疾患の細胞レベルでの説明を含む）。,20230601-mxt_igaku-000029086_4.pdf,48
E-3-3)-(2)-②,E,臨床歯学,3,歯と歯周組織の常態と疾患,3,3),歯と歯周組織の疾患の診断と治療,2,(2),歯髄・根尖性歯周疾患の診断と治療,2,②,根管充塡の目的、時期及び方法を説明できる。,20230601-mxt_igaku-000029086_4.pdf,48
E-3-3)-(2)-③,E,臨床歯学,3,歯と歯周組織の常態と疾患,3,3),歯と歯周組織の疾患の診断と治療,2,(2),歯髄・根尖性歯周疾患の診断と治療,3,③,歯髄・根尖性歯周疾患の治療時における合併症（偶発症）について、種類、処置及び予防を説明できる。,20230601-mxt_igaku-000029086_4.pdf,48
E-3-3)-(2)-④,E,臨床歯学,3,歯と歯周組織の常態と疾患,3,3),歯と歯周組織の疾患の診断と治療,2,(2),歯髄・根尖性歯周疾患の診断と治療,4,④,歯髄・根尖性歯周疾患の治療後の治癒機転と予後を説明できる。,20230601-mxt_igaku-000029086_4.pdf,48
E-3-3)-(2)-⑤,E,臨床歯学,3,歯と歯周組織の常態と疾患,3,3),歯と歯周組織の疾患の診断と治療,2,(2),歯髄・根尖性歯周疾患の診断と治療,5,⑤,外科的歯内療法（手術用実体顕微鏡の利用を含む）の種類と適応を説明できる。,20230601-mxt_igaku-000029086_4.pdf,48
E-3-3)-(2)-⑥,E,臨床歯学,3,歯と歯周組織の常態と疾患,3,3),歯と歯周組織の疾患の診断と治療,2,(2),歯髄・根尖性歯周疾患の診断と治療,6,⑥,失活歯の変色の原因、種類及び処置を説明できる。,20230601-mxt_igaku-000029086_4.pdf,48
E-3-3)-(2)-⑦,E,臨床歯学,3,歯と歯周組織の常態と疾患,3,3),歯と歯周組織の疾患の診断と治療,2,(2),歯髄・根尖性歯周疾患の診断と治療,7,⑦,歯根吸収の原因、症状、診断及び処置を説明できる。,20230601-mxt_igaku-000029086_4.pdf,48
E-3-3)-(3)-①,E,臨床歯学,3,歯と歯周組織の常態と疾患,3,3),歯と歯周組織の疾患の診断と治療,3,(3),歯周疾患の診断と治療,1,①,歯周疾患の症状及び全身疾患との関連を説明できる（疾患の細胞レベル、分子生物学的レベルでの説明を含む）。,20230601-mxt_igaku-000029086_4.pdf,48
E-3-3)-(3)-②,E,臨床歯学,3,歯と歯周組織の常態と疾患,3,3),歯と歯周組織の疾患の診断と治療,3,(3),歯周疾患の診断と治療,2,②,歯周疾患の検査法、診断及び治療方針（メインテナンス法を含む）を説明できる。,20230601-mxt_igaku-000029086_4.pdf,48
E-3-3)-(3)-③,E,臨床歯学,3,歯と歯周組織の常態と疾患,3,3),歯と歯周組織の疾患の診断と治療,3,(3),歯周疾患の診断と治療,3,③,歯周治療の術式と適応症を説明できる。,20230601-mxt_igaku-000029086_4.pdf,48
E-3-3)-(3)-④,E,臨床歯学,3,歯と歯周組織の常態と疾患,3,3),歯と歯周組織の疾患の診断と治療,3,(3),歯周疾患の診断と治療,4,④,歯周外科治療の種類と適応症を説明できる。,20230601-mxt_igaku-000029086_4.pdf,48
E-3-3)-(3)-⑤,E,臨床歯学,3,歯と歯周組織の常態と疾患,3,3),歯と歯周組織の疾患の診断と治療,3,(3),歯周疾患の診断と治療,5,⑤,歯周治療後の組織の治癒機転と予後を説明できる。,20230601-mxt_igaku-000029086_4.pdf,48
E-3-4)-(1)-①,E,臨床歯学,3,歯と歯周組織の常態と疾患,4,4),歯質と歯の欠損の診断と治療,1,(1),クラウンブリッジによる治療,1,①,クラウンブリッジの意義と具備条件を説明できる。,20230601-mxt_igaku-000029086_4.pdf,48
E-3-4)-(1)-②,E,臨床歯学,3,歯と歯周組織の常態と疾患,4,4),歯質と歯の欠損の診断と治療,1,(1),クラウンブリッジによる治療,2,②,クラウンブリッジの種類、特徴及び製作法（CAD/CAMを含む）を説明できる。,20230601-mxt_igaku-000029086_4.pdf,48
E-3-4)-(1)-③,E,臨床歯学,3,歯と歯周組織の常態と疾患,4,4),歯質と歯の欠損の診断と治療,1,(1),クラウンブリッジによる治療,3,③,支台築造の意義、種類及び特徴を説明できる。,20230601-mxt_igaku-000029086_4.pdf,48
E-3-4)-(1)-④,E,臨床歯学,3,歯と歯周組織の常態と疾患,4,4),歯質と歯の欠損の診断と治療,1,(1),クラウンブリッジによる治療,4,④,支台歯形成の意義と方法を説明できる。,20230601-mxt_igaku-000029086_4.pdf,48
E-3-4)-(1)-⑤,E,臨床歯学,3,歯と歯周組織の常態と疾患,4,4),歯質と歯の欠損の診断と治療,1,(1),クラウンブリッジによる治療,5,⑤,クラウンブリッジ製作のための印象採得・咬合採得に用いる材料と方法を説明できる。,20230601-mxt_igaku-000029086_4.pdf,48
E-3-4)-(1)-⑥,E,臨床歯学,3,歯と歯周組織の常態と疾患,4,4),歯質と歯の欠損の診断と治療,1,(1),クラウンブリッジによる治療,6,⑥,色調選択（シェードテイキング）を説明できる。,20230601-mxt_igaku-000029086_4.pdf,48
E-3-4)-(1)-⑦,E,臨床歯学,3,歯と歯周組織の常態と疾患,4,4),歯質と歯の欠損の診断と治療,1,(1),クラウンブリッジによる治療,7,⑦,プロビジョナルレストレーションの意義とその製作法を説明できる。,20230601-mxt_igaku-000029086_4.pdf,48
E-3-4)-(1)-⑧,E,臨床歯学,3,歯と歯周組織の常態と疾患,4,4),歯質と歯の欠損の診断と治療,1,(1),クラウンブリッジによる治療,8,⑧,クラウンブリッジの製作に必要な材料の基本的操作を説明できる。,20230601-mxt_igaku-000029086_4.pdf,48
E-3-4)-(1)-⑨,E,臨床歯学,3,歯と歯周組織の常態と疾患,4,4),歯質と歯の欠損の診断と治療,1,(1),クラウンブリッジによる治療,9,⑨,研究用模型と作業用模型の製作方法を説明できる。,20230601-mxt_igaku-000029086_4.pdf,49
E-3-4)-(1)-⑩,E,臨床歯学,3,歯と歯周組織の常態と疾患,4,4),歯質と歯の欠損の診断と治療,1,(1),クラウンブリッジによる治療,10,⑩,平均値咬合器及び調節性咬合器の種類と特徴を説明できる。,20230601-mxt_igaku-000029086_4.pdf,49
E-3-4)-(1)-⑪,E,臨床歯学,3,歯と歯周組織の常態と疾患,4,4),歯質と歯の欠損の診断と治療,1,(1),クラウンブリッジによる治療,11,⑪,クラウンブリッジの装着方法を説明できる。,20230601-mxt_igaku-000029086_4.pdf,49
E-3-4)-(1)-⑫,E,臨床歯学,3,歯と歯周組織の常態と疾患,4,4),歯質と歯の欠損の診断と治療,1,(1),クラウンブリッジによる治療,12,⑫,クラウンブリッジの維持管理の目的と方法を説明できる。,20230601-mxt_igaku-000029086_4.pdf,49
E-3-4)-(1)-⑬,E,臨床歯学,3,歯と歯周組織の常態と疾患,4,4),歯質と歯の欠損の診断と治療,1,(1),クラウンブリッジによる治療,13,⑬,クラウンブリッジ装着後のメインテナンスの重要性を説明できる。,20230601-mxt_igaku-000029086_4.pdf,49
E-3-4)-(2)-①,E,臨床歯学,3,歯と歯周組織の常態と疾患,4,4),歯質と歯の欠損の診断と治療,2,(2),可撤性義歯（部分床義歯、全部床義歯）,1,①,歯の欠損、顎骨・顔面の欠損に伴う障害の種類と病態を説明できる。,20230601-mxt_igaku-000029086_4.pdf,49
E-3-4)-(2)-②,E,臨床歯学,3,歯と歯周組織の常態と疾患,4,4),歯質と歯の欠損の診断と治療,2,(2),可撤性義歯（部分床義歯、全部床義歯）,2,②,可撤性義歯の種類、目的及び意義を説明できる。,20230601-mxt_igaku-000029086_4.pdf,49
E-3-4)-(2)-③,E,臨床歯学,3,歯と歯周組織の常態と疾患,4,4),歯質と歯の欠損の診断と治療,2,(2),可撤性義歯（部分床義歯、全部床義歯）,3,③,可撤性義歯の特徴と適応症を説明できる。,20230601-mxt_igaku-000029086_4.pdf,49
E-3-4)-(2)-④,E,臨床歯学,3,歯と歯周組織の常態と疾患,4,4),歯質と歯の欠損の診断と治療,2,(2),可撤性義歯（部分床義歯、全部床義歯）,4,④,可撤性義歯の要素構成と支持、把持、維持の機構を説明できる。,20230601-mxt_igaku-000029086_4.pdf,49
E-3-4)-(2)-⑤,E,臨床歯学,3,歯と歯周組織の常態と疾患,4,4),歯質と歯の欠損の診断と治療,2,(2),可撤性義歯（部分床義歯、全部床義歯）,5,⑤,可撤性義歯の設計原則を説明できる。,20230601-mxt_igaku-000029086_4.pdf,49
E-3-4)-(2)-⑥,E,臨床歯学,3,歯と歯周組織の常態と疾患,4,4),歯質と歯の欠損の診断と治療,2,(2),可撤性義歯（部分床義歯、全部床義歯）,6,⑥,可撤性義歯製作のための印象採得・咬合採得に用いる材料と方法を説明できる。,20230601-mxt_igaku-000029086_4.pdf,49
E-3-4)-(2)-⑦,E,臨床歯学,3,歯と歯周組織の常態と疾患,4,4),歯質と歯の欠損の診断と治療,2,(2),可撤性義歯（部分床義歯、全部床義歯）,7,⑦,歯の欠損した歯列での下顎位・下顎運動の記録法を説明できる。,20230601-mxt_igaku-000029086_4.pdf,49
E-3-4)-(2)-⑧,E,臨床歯学,3,歯と歯周組織の常態と疾患,4,4),歯質と歯の欠損の診断と治療,2,(2),可撤性義歯（部分床義歯、全部床義歯）,8,⑧,調節性咬合器の基本的操作方法、フェイスボウトランスファー、チェックバイト法を説明できる。,20230601-mxt_igaku-000029086_4.pdf,49
E-3-4)-(2)-⑨,E,臨床歯学,3,歯と歯周組織の常態と疾患,4,4),歯質と歯の欠損の診断と治療,2,(2),可撤性義歯（部分床義歯、全部床義歯）,9,⑨,人工歯の選択を説明できる。,20230601-mxt_igaku-000029086_4.pdf,49
E-3-4)-(2)-⑩,E,臨床歯学,3,歯と歯周組織の常態と疾患,4,4),歯質と歯の欠損の診断と治療,2,(2),可撤性義歯（部分床義歯、全部床義歯）,10,⑩,可撤性義歯の咬合様式とその意義を説明できる。,20230601-mxt_igaku-000029086_4.pdf,49
E-3-4)-(2)-⑪,E,臨床歯学,3,歯と歯周組織の常態と疾患,4,4),歯質と歯の欠損の診断と治療,2,(2),可撤性義歯（部分床義歯、全部床義歯）,11,⑪,可撤性義歯の製作に必要な材料の特性と基本的操作方法を説明できる。,20230601-mxt_igaku-000029086_4.pdf,49
E-3-4)-(2)-⑫,E,臨床歯学,3,歯と歯周組織の常態と疾患,4,4),歯質と歯の欠損の診断と治療,2,(2),可撤性義歯（部分床義歯、全部床義歯）,12,⑫,可撤性義歯の製作過程を説明できる。,20230601-mxt_igaku-000029086_4.pdf,49
E-3-4)-(2)-⑬,E,臨床歯学,3,歯と歯周組織の常態と疾患,4,4),歯質と歯の欠損の診断と治療,2,(2),可撤性義歯（部分床義歯、全部床義歯）,13,⑬,可撤性義歯の装着、調整を説明できる。,20230601-mxt_igaku-000029086_4.pdf,49
E-3-4)-(2)-⑭,E,臨床歯学,3,歯と歯周組織の常態と疾患,4,4),歯質と歯の欠損の診断と治療,2,(2),可撤性義歯（部分床義歯、全部床義歯）,14,⑭,可撤性義歯のメインテナンス、リライン及び修理を説明できる。,20230601-mxt_igaku-000029086_4.pdf,49
E-3-4)-(3)-①,E,臨床歯学,3,歯と歯周組織の常態と疾患,4,4),歯質と歯の欠損の診断と治療,3,(3),口腔インプラント,1,①,口腔インプラントの種類、特徴、目的及び意義を説明できる。,20230601-mxt_igaku-000029086_4.pdf,49
E-3-4)-(3)-②,E,臨床歯学,3,歯と歯周組織の常態と疾患,4,4),歯質と歯の欠損の診断と治療,3,(3),口腔インプラント,2,②,口腔インプラントの適応症と合併症を説明できる。,20230601-mxt_igaku-000029086_4.pdf,49
E-3-4)-(3)-③,E,臨床歯学,3,歯と歯周組織の常態と疾患,4,4),歯質と歯の欠損の診断と治療,3,(3),口腔インプラント,3,③,口腔インプラントに必要な診察と検査を説明できる。,20230601-mxt_igaku-000029086_4.pdf,49
E-3-4)-(3)-④,E,臨床歯学,3,歯と歯周組織の常態と疾患,4,4),歯質と歯の欠損の診断と治療,3,(3),口腔インプラント,4,④,口腔インプラントの治療計画、治療手順を説明できる。,20230601-mxt_igaku-000029086_4.pdf,49
E-3-4)-(3)-⑤,E,臨床歯学,3,歯と歯周組織の常態と疾患,4,4),歯質と歯の欠損の診断と治療,3,(3),口腔インプラント,5,⑤,埋入手術方法を説明できる。,20230601-mxt_igaku-000029086_4.pdf,49
E-3-4)-(3)-⑥,E,臨床歯学,3,歯と歯周組織の常態と疾患,4,4),歯質と歯の欠損の診断と治療,3,(3),口腔インプラント,6,⑥,口腔インプラントの上部構造の印象採得と咬合採得を説明できる。,20230601-mxt_igaku-000029086_4.pdf,49
E-3-4)-(3)-⑦,E,臨床歯学,3,歯と歯周組織の常態と疾患,4,4),歯質と歯の欠損の診断と治療,3,(3),口腔インプラント,7,⑦,口腔インプラントの上部構造の製作手順と装着方法を説明できる。,20230601-mxt_igaku-000029086_4.pdf,49
E-3-4)-(3)-⑧,E,臨床歯学,3,歯と歯周組織の常態と疾患,4,4),歯質と歯の欠損の診断と治療,3,(3),口腔インプラント,8,⑧,メインテナンスの重要性を説明できる。,20230601-mxt_igaku-000029086_4.pdf,49
E-4-1)-①,E,臨床歯学,4,矯正歯科・小児歯科治療,1,1),不正咬合の治療,,,,1,①,矯正治療の目的と意義を説明できる。,20230601-mxt_igaku-000029086_4.pdf,50
E-4-1)-②,E,臨床歯学,4,矯正歯科・小児歯科治療,1,1),不正咬合の治療,,,,2,②,正常咬合の概念と成立・保持条件を説明できる。,20230601-mxt_igaku-000029086_4.pdf,50
E-4-1)-③,E,臨床歯学,4,矯正歯科・小児歯科治療,1,1),不正咬合の治療,,,,3,③,不正咬合の原因、種類、障害、診察、検査、診断、治療及び予防法を説明できる。,20230601-mxt_igaku-000029086_4.pdf,50
E-4-1)-④,E,臨床歯学,4,矯正歯科・小児歯科治療,1,1),不正咬合の治療,,,,4,④,矯正治療に用いる器材の名称と使い方を説明できる。,20230601-mxt_igaku-000029086_4.pdf,50
E-4-1)-⑤,E,臨床歯学,4,矯正歯科・小児歯科治療,1,1),不正咬合の治療,,,,5,⑤,矯正装置の種類と特徴及び使用目的を説明できる。,20230601-mxt_igaku-000029086_4.pdf,50
E-4-1)-⑥,E,臨床歯学,4,矯正歯科・小児歯科治療,1,1),不正咬合の治療,,,,6,⑥,矯正治療によって起こる生体反応を細胞あるいは分子生物学的に説明できる。,20230601-mxt_igaku-000029086_4.pdf,50
E-4-1)-⑦,E,臨床歯学,4,矯正歯科・小児歯科治療,1,1),不正咬合の治療,,,,7,⑦,矯正治療によって生じうる医原性障害を挙げ、その予防法と処置を説明できる。,20230601-mxt_igaku-000029086_4.pdf,50
E-4-2)-①,E,臨床歯学,4,矯正歯科・小児歯科治療,2,2),小児の歯科治療,,,,1,①,乳歯と幼若永久歯の齲蝕の特徴と予防法を説明できる。,20230601-mxt_igaku-000029086_4.pdf,50
E-4-2)-②,E,臨床歯学,4,矯正歯科・小児歯科治療,2,2),小児の歯科治療,,,,2,②,乳歯と幼若永久歯の齲蝕の診察、検査と診断を説明できる。,20230601-mxt_igaku-000029086_4.pdf,50
E-4-2)-③,E,臨床歯学,4,矯正歯科・小児歯科治療,2,2),小児の歯科治療,,,,3,③,乳歯と幼若永久歯の歯冠修復の目的、種類、適応症、手順及び留意点を説明できる。,20230601-mxt_igaku-000029086_4.pdf,50
E-4-2)-④,E,臨床歯学,4,矯正歯科・小児歯科治療,2,2),小児の歯科治療,,,,4,④,乳歯と根未完成永久歯の歯髄・根尖性歯周疾患の診察、検査と診断を説明できる。,20230601-mxt_igaku-000029086_4.pdf,50
E-4-2)-⑤,E,臨床歯学,4,矯正歯科・小児歯科治療,2,2),小児の歯科治療,,,,5,⑤,乳歯と根未完成永久歯の歯髄・根尖性歯周疾患の処置法の種類、適応症、手順、留意点及び予後を説明できる。,20230601-mxt_igaku-000029086_4.pdf,50
E-4-2)-⑥,E,臨床歯学,4,矯正歯科・小児歯科治療,2,2),小児の歯科治療,,,,6,⑥,小児に見られる歯周疾患の特徴と対応を説明できる。,20230601-mxt_igaku-000029086_4.pdf,50
E-4-2)-⑦,E,臨床歯学,4,矯正歯科・小児歯科治療,2,2),小児の歯科治療,,,,7,⑦,小児の歯の外傷・粘膜疾患の診察、検査、診断及び、処置法及び予後を説明できる。,20230601-mxt_igaku-000029086_4.pdf,50
E-4-2)-⑧,E,臨床歯学,4,矯正歯科・小児歯科治療,2,2),小児の歯科治療,,,,8,⑧,咬合誘導の概念を説明できる。,20230601-mxt_igaku-000029086_4.pdf,50
E-4-2)-⑨,E,臨床歯学,4,矯正歯科・小児歯科治療,2,2),小児の歯科治療,,,,9,⑨,保隙処置の目的、種類、適応症及び留意点並びに保隙装置の設計について説明できる。,20230601-mxt_igaku-000029086_4.pdf,50
E-4-2)-⑩,E,臨床歯学,4,矯正歯科・小児歯科治療,2,2),小児の歯科治療,,,,10,⑩,小児患者の対応を説明できる。,20230601-mxt_igaku-000029086_4.pdf,50
E-4-2)-⑪,E,臨床歯学,4,矯正歯科・小児歯科治療,2,2),小児の歯科治療,,,,11,⑪,小児の虐待の徴候と対応を説明できる。,20230601-mxt_igaku-000029086_4.pdf,50
E-4-2)-⑫,E,臨床歯学,4,矯正歯科・小児歯科治療,2,2),小児の歯科治療,,,,12,⑫,口腔習癖が歯列・咬合に及ぼす影響を説明できる。,20230601-mxt_igaku-000029086_4.pdf,50
E-5-1)-①,E,臨床歯学,5,高齢者、障害者、精神・心身医学的疾患,1,1),高齢者の歯科治療,,,,1,①,高齢者の生理的、心理的及び行動的特徴を説明できる。,20230601-mxt_igaku-000029086_4.pdf,50
E-5-1)-②,E,臨床歯学,5,高齢者、障害者、精神・心身医学的疾患,1,1),高齢者の歯科治療,,,,2,②,高齢者に多く見られる疾患及び服用している薬物を説明できる。,20230601-mxt_igaku-000029086_4.pdf,50
E-5-1)-③,E,臨床歯学,5,高齢者、障害者、精神・心身医学的疾患,1,1),高齢者の歯科治療,,,,3,③,口腔機能低下の検査と予防法（介護予防を含む）を説明できる。,20230601-mxt_igaku-000029086_4.pdf,50
E-5-1)-④,E,臨床歯学,5,高齢者、障害者、精神・心身医学的疾患,1,1),高齢者の歯科治療,,,,4,④,高齢者における口腔健康管理の用具と処置を説明できる。,20230601-mxt_igaku-000029086_4.pdf,50
E-5-1)-⑤,E,臨床歯学,5,高齢者、障害者、精神・心身医学的疾患,1,1),高齢者の歯科治療,,,,5,⑤,高齢者の歯科治療時の全身管理を説明できる。,20230601-mxt_igaku-000029086_4.pdf,51
E-5-1)-⑥,E,臨床歯学,5,高齢者、障害者、精神・心身医学的疾患,1,1),高齢者の歯科治療,,,,6,⑥,要介護高齢者（在宅要介護者を含む）の歯科治療時の注意点を説明できる。,20230601-mxt_igaku-000029086_4.pdf,51
E-5-1)-⑦,E,臨床歯学,5,高齢者、障害者、精神・心身医学的疾患,1,1),高齢者の歯科治療,,,,7,⑦,在宅医療（訪問歯科診療を含む）を説明できる。,20230601-mxt_igaku-000029086_4.pdf,51
E-5-1)-⑧,E,臨床歯学,5,高齢者、障害者、精神・心身医学的疾患,1,1),高齢者の歯科治療,,,,8,⑧,摂食嚥下障害の診察、検査及び診断を説明できる。,20230601-mxt_igaku-000029086_4.pdf,51
E-5-1)-⑨,E,臨床歯学,5,高齢者、障害者、精神・心身医学的疾患,1,1),高齢者の歯科治療,,,,9,⑨,摂食嚥下リハビリテーションを説明できる。,20230601-mxt_igaku-000029086_4.pdf,51
E-5-1)-⑩,E,臨床歯学,5,高齢者、障害者、精神・心身医学的疾患,1,1),高齢者の歯科治療,,,,10,⑩,栄養管理や食形態の調整を説明できる。,20230601-mxt_igaku-000029086_4.pdf,51
E-5-1)-⑪,E,臨床歯学,5,高齢者、障害者、精神・心身医学的疾患,1,1),高齢者の歯科治療,,,,11,⑪,高齢者の虐待の徴候と対応を説明できる。,20230601-mxt_igaku-000029086_4.pdf,51
E-5-2)-①,E,臨床歯学,5,高齢者、障害者、精神・心身医学的疾患,2,2),障害者の歯科治療,,,,1,①,障害者の身体的、精神的及び心理的特徴を説明できる。,20230601-mxt_igaku-000029086_4.pdf,51
E-5-2)-②,E,臨床歯学,5,高齢者、障害者、精神・心身医学的疾患,2,2),障害者の歯科治療,,,,2,②,障害者の行動調整（行動管理）と歯科治療に必要な注意点を説明できる。,20230601-mxt_igaku-000029086_4.pdf,51
E-5-2)-③,E,臨床歯学,5,高齢者、障害者、精神・心身医学的疾患,2,2),障害者の歯科治療,,,,3,③,障害者における歯科治療の特殊性を説明できる。,20230601-mxt_igaku-000029086_4.pdf,51
E-5-2)-④,E,臨床歯学,5,高齢者、障害者、精神・心身医学的疾患,2,2),障害者の歯科治療,,,,4,④,障害者の口腔ケア及び口腔衛生指導を説明できる。,20230601-mxt_igaku-000029086_4.pdf,51
E-5-2)-⑤,E,臨床歯学,5,高齢者、障害者、精神・心身医学的疾患,2,2),障害者の歯科治療,,,,5,⑤,発達期の摂食嚥下障害の診察、評価、診断を説明できる。,20230601-mxt_igaku-000029086_4.pdf,51
E-5-2)-⑥,E,臨床歯学,5,高齢者、障害者、精神・心身医学的疾患,2,2),障害者の歯科治療,,,,6,⑥,発達期の摂食嚥下障害のリハビリテーションを説明できる。,20230601-mxt_igaku-000029086_4.pdf,51
E-5-3)-①,E,臨床歯学,5,高齢者、障害者、精神・心身医学的疾患,3,3),精神・心身医学的疾患,,,,1,①,心身相関を説明できる。,20230601-mxt_igaku-000029086_4.pdf,51
E-5-3)-②,E,臨床歯学,5,高齢者、障害者、精神・心身医学的疾患,3,3),精神・心身医学的疾患,,,,2,②,口腔顔面領域に関連して現れる精神・心身医学的病態を説明できる。,20230601-mxt_igaku-000029086_4.pdf,51
E-5-3)-③,E,臨床歯学,5,高齢者、障害者、精神・心身医学的疾患,3,3),精神・心身医学的疾患,,,,3,③,心理テストの目的と意義を説明できる。,20230601-mxt_igaku-000029086_4.pdf,51
E-5-3)-④,E,臨床歯学,5,高齢者、障害者、精神・心身医学的疾患,3,3),精神・心身医学的疾患,,,,4,④,舌痛症を説明できる。,20230601-mxt_igaku-000029086_4.pdf,51
E-5-3)-⑤,E,臨床歯学,5,高齢者、障害者、精神・心身医学的疾患,3,3),精神・心身医学的疾患,,,,5,⑤,歯科治療恐怖症を説明できる。,20230601-mxt_igaku-000029086_4.pdf,51
E-5-3)-⑥,E,臨床歯学,5,高齢者、障害者、精神・心身医学的疾患,3,3),精神・心身医学的疾患,,,,6,⑥,心身医学的治療を説明できる。,20230601-mxt_igaku-000029086_4.pdf,51
E-6-①,E,臨床歯学,6,医師と連携するために必要な医学的知識,,,,,,,1,①,全身の症候・病態を説明できる。発熱、全身倦怠感、体重減少・増加、ショック、意識障害、脱水、浮腫、けいれん、めまい、黄疸、呼吸困難、チアノーゼ、頭痛、動悸、息切れ、胸痛、睡眠障害、嘔吐、下痢,20230601-mxt_igaku-000029086_4.pdf,52
E-6-②,E,臨床歯学,6,医師と連携するために必要な医学的知識,,,,,,,2,②,医科疾患合併患者の歯科治療時の注意点を説明できる。,20230601-mxt_igaku-000029086_4.pdf,52
E-6-③,E,臨床歯学,6,医師と連携するために必要な医学的知識,,,,,,,3,③,妊産婦の歯科医療時の注意点を説明できる。,20230601-mxt_igaku-000029086_4.pdf,52
G-1-1)-①,G,臨床実習,1,診療の基本,1,1),臨床診断・治療計画,,,,1,①,歯科・口腔疾患を正しく診断し、治療方針・治療計画の立案、予後の推測ができる。,20230601-mxt_igaku-000029086_4.pdf,57
G-1-1)-②,G,臨床実習,1,診療の基本,1,1),臨床診断・治療計画,,,,2,②,診断並びに治療方針・治療計画を患者にわかりやすく説明できる。,20230601-mxt_igaku-000029086_4.pdf,57
G-1-1)-③,G,臨床実習,1,診療の基本,1,1),臨床診断・治療計画,,,,3,③,主観的所見、客観的所見、評価、計画<SOAP>による診療録及び指示書を作成できる。,20230601-mxt_igaku-000029086_4.pdf,57
G-1-1)-④,G,臨床実習,1,診療の基本,1,1),臨床診断・治療計画,,,,4,④,患者の訴え、また指導医からの指摘事項も参考に、治療結果を適正に評価できる。,20230601-mxt_igaku-000029086_4.pdf,57
G-1-2)-①,G,臨床実習,1,診療の基本,2,2),医療安全・感染対策,,,,1,①,医療安全対策（標準予防策(standard precautions)、感染予防、医療機器の操作等を含む）を実践できる。,20230601-mxt_igaku-000029086_4.pdf,57
G-1-2)-②,G,臨床実習,1,診療の基本,2,2),医療安全・感染対策,,,,2,②,一次救命処置<BLS>を実施できる。,20230601-mxt_igaku-000029086_4.pdf,57
G-1-2)-③,G,臨床実習,1,診療の基本,2,2),医療安全・感染対策,,,,3,③,薬剤耐性<AMR>に配慮した適切な抗菌薬の処方ができる。,20230601-mxt_igaku-000029086_4.pdf,57
G-2-①,G,臨床実習,2,基本的診察法,,,,,,,1,①,医療面接を実施し、患者と良好なコミュニケーションがとれる。,20230601-mxt_igaku-000029086_4.pdf,58
G-2-②,G,臨床実習,2,基本的診察法,,,,,,,2,②,全身状態を評価し、顎顔面及び口腔内の診察ができる。,20230601-mxt_igaku-000029086_4.pdf,58
G-2-③,G,臨床実習,2,基本的診察法,,,,,,,3,③,診断並びに治療に必要な画像検査及び臨床検査を選択し、実施できる。,20230601-mxt_igaku-000029086_4.pdf,58
G-3-①,G,臨床実習,3,基本的臨床技能,,,,,,,1,①,局所麻酔（表面麻酔・浸潤麻酔）を実施できる。,20230601-mxt_igaku-000029086_4.pdf,58
G-3-②,G,臨床実習,3,基本的臨床技能,,,,,,,2,②,永久歯の単純抜歯を実施できる。,20230601-mxt_igaku-000029086_4.pdf,58
G-3-③,G,臨床実習,3,基本的臨床技能,,,,,,,3,③,軟組織の小手術を実施できる。,20230601-mxt_igaku-000029086_4.pdf,58
G-3-④,G,臨床実習,3,基本的臨床技能,,,,,,,4,④,齲蝕その他の歯の硬組織疾患（象牙質知覚過敏症を含む）の保存修復治療ができる。,20230601-mxt_igaku-000029086_4.pdf,58
G-3-⑤,G,臨床実習,3,基本的臨床技能,,,,,,,5,⑤,歯髄・根尖性歯周疾患の治療ができる。,20230601-mxt_igaku-000029086_4.pdf,58
G-3-⑥,G,臨床実習,3,基本的臨床技能,,,,,,,6,⑥,歯周基本治療ができる。,20230601-mxt_igaku-000029086_4.pdf,58
G-3-⑦,G,臨床実習,3,基本的臨床技能,,,,,,,7,⑦,歯質の欠損に対する歯冠補綴治療ができる。,20230601-mxt_igaku-000029086_4.pdf,58
G-3-⑧,G,臨床実習,3,基本的臨床技能,,,,,,,8,⑧,歯の欠損に対する補綴治療ができる。,20230601-mxt_igaku-000029086_4.pdf,58
G-3-⑨,G,臨床実習,3,基本的臨床技能,,,,,,,9,⑨,口腔衛生指導を実施できる。,20230601-mxt_igaku-000029086_4.pdf,58
G-3-⑩,G,臨床実習,3,基本的臨床技能,,,,,,,10,⑩,歯科疾患を予防するための処置ができる。,20230601-mxt_igaku-000029086_4.pdf,58
G-3-⑪,G,臨床実習,3,基本的臨床技能,,,,,,,11,⑪,小児に対する歯科予防処置を実施できる。,20230601-mxt_igaku-000029086_4.pdf,58
G-3-⑫,G,臨床実習,3,基本的臨床技能,,,,,,,12,⑫,模型及び頭部エックス線規格写真等を分析、診断し、歯科矯正治療の計画を立案できる。,20230601-mxt_igaku-000029086_4.pdf,58
G-4-①,G,臨床実習,4,チーム医療・地域医療,,,,,,,1,①,地域医療・地域保健（在宅医療（訪問歯科診療を含む）、地域包括ケアシステム）を経験する。,20230601-mxt_igaku-000029086_4.pdf,58
G-4-②,G,臨床実習,4,チーム医療・地域医療,,,,,,,2,②,病診連携、病病連携を経験する。,20230601-mxt_igaku-000029086_4.pdf,58
G-4-③,G,臨床実習,4,チーム医療・地域医療,,,,,,,3,③,多職種連携（歯科衛生士、歯科技工士、医師、薬剤師、看護師、その他の関連職種並びに介護職）によるチーム医療を経験する。,20230601-mxt_igaku-000029086_4.pdf,58
G-5-①,G,臨床実習,5,患者中心の医療,,,,,,,1,①,根拠に基づいた医療<EBM>、narrative-based medicine <NBM>に基づいた患者中心の医療を実践する。,20230601-mxt_igaku-000029086_4.pdf,59
G-5-②,G,臨床実習,5,患者中心の医療,,,,,,,2,②,インフォームド・コンセントを得ることができる。,20230601-mxt_igaku-000029086_4.pdf,59
